player name,WRC+,player_id,year,player_age,ab,pa,k_percent,bb_percent,on_base_percent,on_base_plus_slg,isolated_power,b_rbi,b_walkoff,xba,xslg,woba,xwoba,xobp,xiso,xbadiff,xslgdiff,wobadiff,avg_swing_speed,fast_swing_rate,blasts_contact,blasts_swing,squared_up_contact,squared_up_swing,avg_swing_length,swords,attack_angle,attack_direction,ideal_angle_rate,vertical_swing_path,exit_velocity_avg,launch_angle_avg,sweet_spot_percent,barrel_batted_rate,solidcontact_percent,flareburner_percent,poorlyunder_percent,poorlytopped_percent,poorlyweak_percent,hard_hit_percent,avg_best_speed,avg_hyper_speed,z_swing_percent,z_swing_miss_percent,oz_swing_percent,oz_swing_miss_percent,oz_contact_percent,out_zone_percent,meatball_swing_percent,meatball_percent,pitch_count_offspeed,pitch_count_fastball,pitch_count_breaking,pitch_count,iz_contact_percent,in_zone_percent,edge_percent,whiff_percent,swing_percent,pull_percent,straightaway_percent,opposite_percent,f_strike_percent,groundballs_percent,flyballs_percent,linedrives_percent,popups_percent
Aaron Judge,204,592450,2024,32,559,704,24.3,18.9,0.458,1.159,0.379,144,0,0.31,0.723,0.476,0.479,0.449,0.413,0.012,-0.022,-0.003,77.1,74.8,25.8,18.4,33.8,24.2,8.2,14,14.4,-4.5,51.3,39.8,96.2,19,40.8,26.9,8.5,19.7,22.8,20.3,1.3,61,107.2004357,99.10370152,67.4,22.6,18.7,57.3,42.7,52.1,81.1,7,392,1506,659,2885,77.3,47.9,41.1,30.7,42,40.3,34.1,25.6,52.6,31.5,38.7,25.9,4.1
Aaron Judge,204,592450,2025,33,541,679,23.6,18.3,0.457,1.145,0.357,114,1,0.315,0.735,0.463,0.476,0.447,0.42,0.016,-0.047,-0.013,77,71.6,25.1,16.9,34.2,23.1,8.1,35,14.1,-6,50.8,38.4,95.4,19,39.4,24.7,9,20.9,22.9,20.6,1.5,58.2,106.8381132,98.65067612,67,24.7,22.5,61.1,38.9,52.5,78.6,6.4,400,1266,695,2631,75.3,47.5,43.1,34.6,43.7,36.3,37.1,26.5,56.9,33.5,38.4,22.4,5.7
Shohei Ohtani,172,660271,2024,29,636,731,22.2,11.1,0.39,1.036,0.336,130,2,0.314,0.66,0.431,0.442,0.396,0.347,-0.004,-0.014,-0.011,76.3,64.1,25.8,18.4,38.7,27.5,7.7,10,11.3,-1.7,51.6,35.1,95.8,16.2,37.8,21.5,9,20.7,20.9,25.7,2.3,60.1,106.7277924,98.77212236,69.7,23.1,26.6,46.1,53.9,52,79.5,6.5,448,1521,672,2838,76.9,48,42.4,29.8,47.3,43.6,32.6,23.8,61,36.3,31.3,26.9,5.4
Shohei Ohtani,172,660271,2025,30,611,727,25.7,15,0.392,1.014,0.34,102,1,0.288,0.672,0.418,0.439,0.398,0.384,-0.006,-0.05,-0.021,75.8,61.7,25.8,17.7,36.3,24.8,7.9,13,15,-2,53.1,36.9,94.9,15,35.9,23.5,8.7,17.4,19.7,28.4,2.1,58.7,106.1284595,98.27841108,66.1,24.8,26,53.1,46.7,52.6,76.1,7.2,483,1465,717,2865,75.2,47.4,43.6,33.4,45,43.2,37.8,19,59,39.7,35.7,21.1,3.5
Cal Raleigh,161,663728,2024,27,546,628,28,11.1,0.312,0.748,0.216,100,2,0.233,0.476,0.323,0.346,0.326,0.243,-0.013,-0.04,-0.023,74.5,45.1,15.9,11.3,28.5,20.2,7.8,15,16.8,-7.8,45.5,32.3,91,21.2,35.6,15.4,6.9,23.4,31.9,17.3,4.8,48.1,102.0320718,95.50878947,74,23,32.7,47.1,52.9,52.6,85.9,7,577,1223,573,2514,77,47.4,43.9,31,52.3,45.5,33.5,21,63.8,31.1,36.7,21.3,10.9
Cal Raleigh,161,663728,2025,28,596,705,26.7,13.8,0.359,0.948,0.342,125,0,0.244,0.568,0.392,0.384,0.357,0.324,0.003,0.021,0.008,75.2,54.7,17.5,12.5,27.8,19.8,7.9,30,17.9,-8.3,45.1,34.3,91.3,25.2,35.3,19.5,7.1,17.8,35.8,15.1,4.9,49.6,103.0328896,96.18009603,75,21.6,31.8,51.5,48.5,53.9,83.2,6.3,598,1409,631,2833,78.4,46.1,41.7,31.5,51.7,54.5,25.8,19.7,61.2,25.8,41.8,19.5,12.9
Juan Soto,156,665742,2024,25,576,713,16.7,18.1,0.419,0.988,0.281,109,1,0.316,0.646,0.421,0.462,0.445,0.33,-0.028,-0.077,-0.041,75.4,59.2,25.3,20.5,39.3,31.9,7.3,28,12.2,2.5,60.8,27.1,94.2,10.7,35.4,19.7,6.3,22.6,18.2,28.9,4.1,57,105.6501237,97.99470514,59,15.2,18.3,39.3,60.7,53.5,72.1,7,553,1506,694,2960,84.8,46.5,43,21.5,37.2,42.3,35.8,21.9,54.1,44.7,27.8,22.8,4.8
Juan Soto,156,665742,2025,26,577,715,19.2,17.8,0.396,0.921,0.262,105,0,0.3,0.628,0.39,0.441,0.427,0.329,-0.037,-0.103,-0.051,73.6,40.9,26.3,21.6,39.6,32.5,7,36,10.9,3.8,65.9,28.1,93.8,12,32.9,18.1,7.8,22.4,19,28.9,3.6,55.3,104.5395094,97.23261939,55.7,16.4,15.9,42.9,57.1,50.5,71,7.5,429,1560,769,2968,83.6,49.5,41.3,22.4,35.5,38.9,40.3,20.8,55.6,45.2,27.5,20.8,6.5
Kyle Schwarber,152,656941,2024,31,573,692,28.5,15.3,0.366,0.851,0.237,104,0,0.256,0.512,0.366,0.38,0.374,0.256,-0.008,-0.027,-0.014,77.5,78,23,16.5,32.5,23.3,7.7,35,13.1,-4.5,67.4,29.3,93.6,15,31.8,15.6,7.3,23.2,24.2,27.1,2.6,55.5,105.1545278,97.52984344,60.6,23.7,20.9,54.3,45.7,52.1,74.1,6.8,398,1530,723,2852,76.3,47.9,41.6,32,39.9,48.4,35.2,16.4,56.4,40.9,28.6,22.7,7.8
Kyle Schwarber,152,656941,2025,32,604,724,27.2,14.9,0.365,0.928,0.323,132,0,0.263,0.601,0.391,0.414,0.385,0.338,-0.023,-0.038,-0.023,77.3,77.3,24.7,17.5,32.2,22.8,7.5,51,14.6,-5.8,64.3,30.3,94.3,20.1,35.3,20.8,7.1,21.1,25.5,21.6,3.9,59.6,105.6786592,98.06365927,64.1,24.2,21.5,57.3,42.7,52.3,72.6,7.5,415,1498,907,3059,75.8,47.7,40.4,33.1,41.8,54.7,28.2,17.2,53.6,34.3,34.3,22.5,8.8
Ketel Marte,145,606466,2024,30,504,583,18.2,11.1,0.372,0.932,0.268,95,0,0.294,0.538,0.391,0.392,0.378,0.244,-0.002,0.022,-0.001,73.7,40.6,20.3,16.2,38.1,30.5,7.6,6,9.1,-4.9,53.6,33.7,94,9.4,33.7,12.3,7.4,24.6,18.2,35.4,2,53.8,103.9911372,96.92044441,71.3,14.1,26,40,60,51,82.7,7.3,500,1149,397,2146,85.9,49,42.4,21.3,48.2,47.4,35.9,16.7,58.8,48.9,24.8,21.4,4.9
Ketel Marte,145,606466,2025,31,480,556,14.9,11.5,0.376,0.893,0.234,72,0,0.298,0.548,0.381,0.4,0.391,0.249,-0.015,-0.031,-0.019,74.6,45.5,19.3,15.2,35.6,28,7.8,14,10.1,-7.2,61.5,32,90.8,14.8,33,13.5,4.8,22.5,25,29,4.8,47,102.659316,95.81552829,67.3,15.8,24.7,39.8,60.2,51.5,80.9,7.3,473,974,513,2095,84.2,48.5,44.2,22.5,45.3,47.3,34,18.8,57.2,40.8,28.2,21.8,9.3
Pete Alonso,141,624413,2024,29,608,695,24.7,10.1,0.329,0.788,0.219,88,0,0.242,0.461,0.34,0.343,0.332,0.219,-0.002,-0.002,-0.003,75.2,51.8,18.6,14.3,29.6,22.8,7.3,19,9.8,-2.9,56.3,31.7,89.8,14.4,30.5,13.2,6.6,19.5,25.5,29.5,5.5,46.4,102.7851147,95.69908611,61,14.1,25.9,48.1,51.9,51.7,72.2,6.7,264,1614,707,2780,85.9,48.3,43.2,24.7,42.9,41.6,32.3,26.1,57.5,42,28.2,21.1,8.6
Pete Alonso,141,624413,2025,30,624,709,22.8,8.6,0.347,0.871,0.252,126,2,0.288,0.592,0.368,0.399,0.362,0.304,-0.016,-0.068,-0.031,75.3,53.4,22.7,17.2,33.6,25.4,7.1,15,10.1,1.1,59.8,33.8,93.5,15.4,38.4,18.9,7.9,20.4,23.6,26.3,2.8,54.4,105.0764115,97.45647,65.7,18.4,27.4,42.4,57.6,50.6,76.2,6.9,269,1533,702,2807,81.6,49.4,41.9,25.6,46.3,39.3,31.6,29.1,59.3,37.6,30.1,25.5,6.8
Michael Busch,140,683737,2024,26,496,567,28.6,11.1,0.335,0.775,0.192,65,1,0.217,0.418,0.336,0.319,0.309,0.202,0.031,0.022,0.017,70.3,11.3,13.3,9.6,35,25.2,7.3,18,15.8,0.7,43.9,37.9,89.9,17.2,36.4,11.2,6.5,20.7,29,28.1,4.1,39.9,99.99221232,94.35127744,68.6,20.2,23.2,51.1,48.9,51.7,86.5,7.2,368,1318,508,2365,79.8,48.3,45.2,28.4,45.2,40.5,35.2,24.3,61,38.8,32,22.8,6.5
Michael Busch,140,683737,2025,27,524,592,23.5,9.5,0.343,0.866,0.262,90,0,0.275,0.569,0.369,0.392,0.356,0.295,-0.014,-0.046,-0.023,69.6,7,17.4,13.1,38.4,29,7,18,16.3,-1,50.6,36.7,92.2,17,41.1,17.1,7.5,23.8,26.4,23,2.1,47.3,101.692646,95.54150883,68.5,16,23.1,54.5,45.5,47.9,77.8,8.5,342,1198,643,2324,84,52.1,43.8,25.1,46.8,44.2,32.8,23,65.5,36.2,37,23.5,3.4
Freddie Freeman,139,518692,2024,34,542,638,15.7,12.2,0.378,0.854,0.194,89,0,0.276,0.463,0.365,0.364,0.375,0.188,0.006,0.013,0.001,69.8,10.1,12.8,10.4,33.3,27.1,6.8,10,7.9,1.4,40.3,42.5,89.4,14.3,43.1,9.1,8.4,25.1,26,26,5.3,41.8,100.3491331,94.52730104,73.7,16.6,26.6,29,71,51.8,83.5,6.7,326,1467,553,2522,83.4,48.2,42.9,20.2,49.4,34.2,34.9,30.9,60.3,38.7,31.1,27.6,2.7
Freddie Freeman,139,518692,2025,35,556,627,20.4,9.6,0.367,0.869,0.207,90,3,0.275,0.479,0.37,0.357,0.351,0.203,0.02,0.023,0.013,69.8,8.3,15.6,11.7,35.2,26.5,6.9,13,10.6,1.1,46.1,43.1,90.9,14.3,36.7,10.4,6,30.9,23.6,25.6,3.2,45.7,100.7760563,94.86997009,76.1,21.4,28.4,42.4,57.6,50.8,85.1,7.1,366,1274,592,2382,78.6,49.2,41.8,27.3,51.9,43.4,31.2,25.4,60,41.6,29.1,25.4,3.9
Corbin Carroll,139,682998,2024,23,589,684,19,10.7,0.322,0.75,0.197,74,1,0.241,0.391,0.325,0.324,0.334,0.15,-0.01,0.037,0.001,73.7,36.9,18.4,14.6,34.9,27.7,7,5,6.5,-0.3,53,22.5,89.3,12,27.8,7.2,7,18.7,27,35.7,4,40.8,101.0556657,94.75567237,59.8,13,24.9,36.1,63.9,52.8,67.7,7.3,322,1592,569,2648,87,47.2,41.2,20.3,41.4,37.8,36.5,25.7,56.4,44.6,22.1,21.2,12.1
Corbin Carroll,139,682998,2025,24,564,642,23.8,10.4,0.343,0.884,0.282,84,0,0.274,0.545,0.371,0.383,0.357,0.272,-0.015,-0.004,-0.012,74.7,45.6,19.4,14.9,30.4,23.3,7.3,19,11,-3.4,68.4,25.7,92.1,16.7,33.5,14.5,9.6,20.7,28,24.6,2.2,49.9,103.7294383,96.45265935,66.8,19,31.6,36.5,63.5,51.1,72.5,7.6,343,1294,673,2497,81,48.9,43.8,24.8,48.8,42.4,35.2,22.4,60,35.7,32,22.9,9.4
Geraldo Perdomo,138,672695,2025,25,597,720,11.5,13.1,0.389,0.851,0.172,100,1,0.285,0.432,0.37,0.361,0.387,0.147,0.005,0.03,0.009,68.3,4.6,10.2,9.1,36,32.3,6.9,21,7.4,-1.8,49.9,35.4,87.6,15.5,36.2,6.2,4.1,29.1,28,26.6,5.4,31.9,97.40304016,92.77445786,57,7.9,19.2,26.2,73.8,45.6,69.7,9,402,1786,666,3007,92.1,54.4,42.2,12,39.7,40.3,33.2,26.5,58.6,39.8,26.5,25.5,8.3
Vladimir Guerrero Jr.,137,665489,2024,25,616,697,13.8,10.3,0.396,0.94,0.221,103,0,0.321,0.567,0.398,0.408,0.395,0.247,0.002,-0.023,-0.01,75.9,57.4,24.1,19.3,34.5,27.7,7.7,9,3.2,-0.4,37.4,28.6,93.8,7.4,35.1,13.7,6.3,23.9,18.1,34.7,2.9,54.9,105.6637208,97.64934607,68.6,15.1,27.5,37.3,62.7,50.1,79.5,7.7,321,1578,463,2602,84.9,49.9,41.2,21.5,48,33.6,41.8,24.6,61.9,47.7,21.2,26.9,4.2
Vladimir Guerrero Jr.,137,665489,2025,26,589,680,13.8,11.9,0.381,0.848,0.175,84,0,0.315,0.521,0.366,0.396,0.402,0.206,-0.023,-0.054,-0.03,76.7,67.7,25.5,20.2,36.9,29.2,7.6,8,1.2,-4.4,30.5,27.4,92,7.8,33.7,12.2,6,27.5,16.6,33.7,3.4,50.7,104.847491,96.92213915,62.3,15.9,21.4,38.3,61.7,49.2,71.5,6.9,364,1441,493,2502,84.1,50.8,45.1,21.5,42.2,34.9,40.1,25.1,55.4,47.1,19.8,27.1,6
Byron Buxton,136,621439,2025,31,488,542,27.3,7.6,0.327,0.878,0.287,83,0,0.259,0.534,0.367,0.362,0.325,0.275,0.005,0.017,0.005,75,50.5,20.3,14.5,31.9,22.7,7.9,15,14.1,-6.2,57.9,34,92.5,17.7,32.9,17.6,6.1,22,26.6,24.6,2.9,53.8,103.649871,96.63231783,74.1,20.4,29.4,58.9,41.1,50.1,86.5,7.7,299,1156,419,2028,79.6,49.9,41.9,31.3,51.8,48.8,33.2,17.9,67,36.7,34.7,21.4,7.2
Matt Olson,136,621566,2024,30,600,685,24.8,10.4,0.333,0.79,0.21,98,0,0.247,0.448,0.339,0.341,0.336,0.201,0,0.009,-0.002,73.8,38.7,15.1,11.1,26.5,19.5,7.3,11,8.4,-1.6,44.5,34.1,91.5,16.1,35.4,12.4,7.4,23,27.6,25.3,3.7,47.4,102.7262795,95.89954322,72.3,22,28.7,36.4,63.6,51.9,82.3,6.9,349,1795,607,2947,78,48.1,43.1,26.3,49.7,38.4,34.7,26.9,60.3,35.9,30.3,26,7.8
Matt Olson,136,621566,2025,31,624,724,24.3,12.6,0.366,0.85,0.212,95,0,0.262,0.506,0.366,0.371,0.359,0.244,0.01,-0.022,-0.005,73.9,41.3,18.1,13.5,29.3,21.9,7.5,21,8.7,1.1,48.2,33.9,93.3,14.8,37.1,14.3,9.3,22.1,24.1,28,2,53.3,103.8164551,96.73576582,66.5,21.8,24.9,37.4,62.6,51,75.3,7.4,397,1736,793,3166,78.2,49,43.8,26.2,45.3,36.6,34.9,28.5,58,39.7,28.3,24.7,7.3
Kyle Tucker,136,663656,2025,28,500,597,14.7,14.6,0.377,0.841,0.198,73,0,0.282,0.5,0.363,0.382,0.391,0.218,-0.016,-0.036,-0.019,72,23.6,15.3,12.6,36.1,29.7,7.6,15,11.7,-8.2,49.5,33.9,90.1,17.2,37.5,10.8,6.5,24.8,30.3,25,2.6,40.4,99.76867707,94.19283193,70.8,15.1,17.6,42.1,57.9,48.1,85.8,7.9,365,1217,580,2306,84.9,51.9,43,20.2,45.2,45.2,33.9,20.9,56.3,33.9,32.7,26.7,6.7
Rafael Devers,135,646240,2024,27,525,601,24.5,11.1,0.354,0.87,0.244,83,1,0.271,0.507,0.364,0.363,0.355,0.236,0.001,0.009,0.001,72.5,27.9,19.4,13.8,32.7,23.3,7.4,24,8.3,7.3,59.6,28.4,93.2,11.6,35.2,13,8.6,21.4,22.9,29.9,3.6,52.6,104.5979259,97.09053746,73.8,28.1,30.4,36.8,63.2,52.7,81.1,6.7,267,1485,470,2375,71.9,47.3,42.7,30.9,50.9,32.3,41.7,26,60.7,41.4,26.6,25,7
Rafael Devers,135,646240,2025,28,607,729,26.3,15.4,0.372,0.851,0.227,109,2,0.256,0.504,0.365,0.378,0.377,0.248,-0.004,-0.025,-0.013,71.6,19.8,17.9,12.3,31.5,21.7,7.6,28,10,4.5,59.5,29.9,93.5,12.6,34.6,16,6.4,22.7,22.9,29.8,1.9,56.1,104.0052804,97.02815081,70.1,28.6,25.5,39.2,60.8,51.3,79.3,7.9,430,1960,500,3060,71.4,48.7,41.6,31.6,47.2,35.8,37.9,26.3,61.2,42.7,30.1,22.9,4.3
Jeremy Peña,135,665161,2024,26,602,650,17.1,3.8,0.308,0.702,0.128,70,1,0.263,0.394,0.305,0.31,0.308,0.131,0.003,0,-0.005,72.6,22.5,14.9,11.3,33.8,25.5,7.6,13,8.6,-5,55.5,28.9,88.2,7.5,29.2,5.4,5.4,23.2,21.6,39.8,3.8,38.8,99.32350671,93.74168435,72.9,11.4,36.9,49.4,50.6,51.9,81.3,7.3,291,1214,561,2272,88.6,48.1,41.5,24.9,54.2,40.2,37.2,22.6,67.6,50.4,23,21.8,4.8
Jeremy Peña,135,665161,2025,27,493,543,17.1,6.4,0.363,0.84,0.173,62,0,0.28,0.448,0.363,0.344,0.343,0.168,0.024,0.029,0.019,72.3,15.7,19.9,14.8,40.6,30.2,7.6,13,10.9,-8.2,62.8,30.4,88.9,8.9,30,8.2,5.7,24.8,19.4,37.2,4.5,42.9,100.3500578,94.38226308,68.3,12.8,35.5,51.8,48.2,52.6,81.3,7.5,245,924,453,1779,87.2,47.4,42.2,27.1,51,42.7,37.7,19.6,66.6,47.9,23.8,23.3,5
Yandy Díaz,135,650490,2024,32,563,621,15.3,8.1,0.341,0.755,0.133,65,0,0.277,0.423,0.331,0.336,0.34,0.146,0.004,-0.009,-0.005,73.3,34.4,22,19.2,36.5,31.9,7.5,2,3.2,6.9,38.2,25.4,92.2,5,28.4,7.6,5.3,24.4,17.6,42.6,1.9,48.7,103.441831,96.26300783,64,10.3,22.8,25.5,74.5,48.9,76.6,7.5,255,1543,483,2460,89.7,51.1,44.1,14.2,43.9,26.5,43,30.5,58.3,55.5,17.8,21.2,5.5
Yandy Díaz,135,650490,2025,33,583,651,14.1,8.8,0.366,0.848,0.182,83,0,0.296,0.473,0.364,0.363,0.365,0.177,0.004,0.009,0.001,73.6,35.4,23.9,19.8,36.5,30.2,7.6,9,2.9,7,35.3,24.4,93,5,29.2,8.3,7.9,24.6,16.9,39.7,1.8,52.5,104.8370079,97.11235376,63.7,13.1,23.9,31,69,48.7,78.4,7.9,273,1542,486,2525,86.9,51.3,43,17.9,44.4,25,41.7,33.3,54.4,54,20,22.4,3.6
Bo Bichette,134,666182,2025,27,582,628,14.5,6.4,0.357,0.84,0.172,94,0,0.307,0.489,0.361,0.364,0.355,0.182,0.004,-0.006,-0.003,69.1,9.4,15.5,12.8,34.6,28.5,7.3,21,4.5,1.3,33.9,37.5,91,8.2,37.9,7.9,9.1,26.5,17.4,35.8,2.8,48.8,101.8190739,95.50266797,72.1,10.8,35.2,33.3,66.7,51.5,80.2,7.7,237,1373,503,2308,89.2,48.5,43.7,18.4,53.1,26.7,42.1,31.2,60.4,47.4,19.8,29.1,3.6
José Ramírez,133,608070,2024,31,620,682,12,7.9,0.335,0.872,0.258,118,0,0.259,0.453,0.364,0.329,0.32,0.193,0.02,0.084,0.035,71.6,18.9,14.2,12.4,32.6,28.5,7.3,17,9.9,-9.6,63.8,30.7,89.2,19.6,34,8.6,8.5,19.7,34.4,25.9,2.9,39.7,99.64295408,93.98231961,68.9,9.4,31.7,26.6,73.4,52.4,77,6.8,597,1312,665,2735,90.6,47.6,44.3,15.2,49.4,51.3,30.1,18.6,55.3,34.2,31.1,22.6,12.1
José Ramírez,133,608070,2025,32,593,673,11,9.8,0.36,0.863,0.22,85,1,0.294,0.46,0.359,0.351,0.371,0.166,-0.011,0.043,0.008,70.9,16.2,13.2,11.4,34.6,30.1,7.2,18,8.9,-9.4,60.7,29.8,88.9,19.2,36.4,7,5.7,25.9,33.5,23.8,3.8,37,99.1074511,93.76533636,66,9,28.9,27.5,72.5,51.9,73.9,7.8,638,1290,584,2666,91,48.1,41.3,14.9,46.8,51.6,30.1,18.3,56.6,33.3,29.9,25.5,11.2
Ben Rice,133,700250,2025,26,467,530,18.9,9.4,0.337,0.836,0.244,65,0,0.299,0.581,0.358,0.41,0.379,0.282,-0.044,-0.082,-0.052,73.4,34.5,24,19.4,38.6,31.2,7.4,15,10.6,-6,56.8,33.2,93.3,14.2,39.3,15.4,8.7,22.8,23,27.1,2.7,56.1,104.1382382,97.17813908,65.5,13.7,21.2,44.2,55.8,50,74.8,7.6,375,998,508,2047,86,50,42.3,21.2,43.3,44.4,34.4,21.1,59.4,39.8,28.5,24.9,6.8
Shea Langeliers,132,669127,2024,26,482,534,27.2,7.7,0.288,0.738,0.226,80,1,0.241,0.456,0.315,0.328,0.305,0.215,-0.017,-0.006,-0.013,74.1,42,17.7,12.9,32.5,23.7,7.3,7,12.3,-5.7,63.4,29.5,91.3,16.3,35.3,12.8,5.2,21.6,29.4,28,2.9,44,102.0546069,95.45171945,69.5,19.7,30.7,49.4,50.6,51.7,75.8,7.7,240,1071,525,1993,80.3,48.3,43,29.2,49.5,45.2,38.8,16,64.8,37.6,30,22.4,9.9
Shea Langeliers,132,669127,2025,27,481,523,19.7,6.9,0.325,0.861,0.259,72,1,0.263,0.476,0.364,0.338,0.314,0.213,0.014,0.06,0.026,73.8,39.6,18.7,14.2,32.4,24.5,7.2,5,11.5,-3.1,61.5,30.3,90.8,16.3,33.2,11,8.1,20.1,31.3,26.9,2.1,44.8,102.4606193,95.54333375,73,16.1,32.1,45.3,54.7,50.4,75.2,7.7,189,1068,481,1925,83.9,49.6,41.4,25.1,52.4,41,37.6,21.4,62.5,37.3,29,25.3,8.4
Jorge Polanco,132,593871,2025,31,471,524,15.6,8,0.326,0.821,0.23,78,1,0.276,0.472,0.35,0.349,0.338,0.197,-0.011,0.023,0.001,71.2,14.8,18.7,14.8,39.1,30.9,7.2,24,9.4,-10.5,56.5,30.5,90.8,16.7,34.3,10.3,7.6,22.4,29,27.2,3.5,45.8,101.5324447,95.13819725,66.9,14,26.9,45,55,51.5,76,7.6,476,925,478,2023,86,48.5,40.9,23.3,46.3,48.4,31.2,20.4,58.5,38,28.7,22.7,10.6
Fernando Tatis Jr.,131,665487,2025,26,594,691,18.7,12.9,0.368,0.814,0.178,71,2,0.283,0.506,0.353,0.381,0.382,0.223,-0.015,-0.06,-0.028,74,42.7,21.8,16.3,37,27.6,7.3,32,8.3,0.8,56.4,29.8,93.3,9.4,28.9,10.9,7.9,20.6,21.2,36.8,1.9,51.8,103.8345272,96.71352827,70.3,17.7,24.4,50.7,49.3,53.3,88.7,7.4,377,1425,648,2636,82.3,46.7,43.2,27,45.9,36.2,40.3,23.6,57.4,49,25.3,19.9,5.8
Bryce Harper,131,547180,2024,31,550,631,21.9,12,0.373,0.898,0.24,87,2,0.267,0.474,0.38,0.357,0.358,0.206,0.018,0.051,0.023,74,41,17.4,13.1,28,21,7.3,13,11.4,-1.1,44.4,36.1,91.1,13.5,36.1,10.6,9.6,25.5,24.6,26.5,2.7,48.2,102.5318351,95.63882949,78.2,14.9,33.4,47.6,52.4,56.7,86.3,6.2,366,1305,620,2469,85.1,43.3,39.6,26.7,52.9,34.2,34.5,31.3,62.6,38.6,30.4,27,4.1
Bryce Harper,131,547180,2025,32,501,580,20.9,12.1,0.357,0.844,0.226,75,0,0.28,0.512,0.361,0.379,0.374,0.232,-0.019,-0.025,-0.018,74.2,44.3,18.4,13.1,30.2,21.4,7.3,15,11.6,-2.2,46.1,35.5,91.3,11.6,37.6,12.3,7.6,23.2,21.9,31.9,3.1,47.5,102.7831239,95.80000467,78.9,19.1,35.6,50.2,49.8,57,86,6.3,261,1013,699,2172,80.9,43,39.2,30.7,54.2,36.3,37.1,26.6,64.5,43.6,28.5,25.6,2.3
Bobby Witt Jr.,130,677951,2024,24,636,709,15,8,0.389,0.977,0.256,109,0,0.315,0.576,0.41,0.407,0.378,0.262,0.017,0.012,0.003,74.7,48.3,20.5,16.2,34.8,27.4,7.1,16,5.9,-2.1,48.4,29.8,92.7,15.1,35.7,14.3,5.6,24.9,27.7,25.3,2.2,48.3,103.9728804,96.49986814,72.3,15.2,32.1,36.7,63.3,52.6,80.2,7.6,286,1381,707,2600,84.8,47.4,41.3,22.3,51.2,32.3,39.6,28.1,62,37.5,30.5,25.1,6.9
Bobby Witt Jr.,130,677951,2025,25,623,687,18.2,7.1,0.351,0.852,0.206,88,1,0.299,0.521,0.36,0.377,0.36,0.222,-0.004,-0.02,-0.017,74.3,45.1,20,15.6,34.9,27.1,7,24,5.1,-0.2,47.2,28.6,93.3,15.2,35.4,12.5,6.7,24.6,27.7,26.5,1.4,48.5,103.9062323,96.61054283,71.5,16.6,30.7,40.8,59.2,50,84.8,8.1,285,1441,570,2511,83.4,50,41.1,23.9,51.1,32.9,37.8,29.3,62.7,37.4,27.9,26.1,8.5
Junior Caminero,129,691406,2025,21,602,653,19.1,6.3,0.311,0.846,0.271,110,0,0.269,0.52,0.357,0.359,0.32,0.251,-0.005,0.015,-0.002,78.6,81.3,22.2,17.2,28.9,22.3,8.4,21,8,-5.3,59.7,26.2,92.4,10.7,27.7,14,5.6,19,22.7,36.2,2.3,51.4,104.4675887,96.87100004,69.5,17.9,32.2,38.9,61.1,51,76.7,7.2,343,1280,592,2494,82.1,49,40.8,24.7,50.4,44.4,36.6,19,59.7,46.7,25.8,19,8.5
Trent Grisham,129,663757,2025,28,494,581,23.6,14.1,0.348,0.812,0.229,74,0,0.257,0.509,0.353,0.377,0.366,0.253,-0.022,-0.045,-0.024,71,11.5,18.3,14.6,37.8,30.2,7.6,15,16.6,1.8,57.9,30.9,91.1,16.4,34.6,14.2,8.1,22.9,24.6,24.9,5.3,46.4,101.2383876,95.16772817,58.1,16.6,17.3,45.6,54.4,47.1,71.5,8.1,364,1341,550,2393,83.4,52.9,45.6,22.7,38.9,47.8,35.5,16.8,56.8,37.2,33.5,20.7,8.7
Francisco Lindor,129,596019,2024,30,618,689,18.4,8.1,0.344,0.844,0.227,91,1,0.283,0.528,0.363,0.379,0.353,0.246,-0.01,-0.028,-0.016,72.4,23.6,18.2,14,37.3,28.7,7.6,13,13,-1.5,56,34.2,90.9,17,35.4,13.6,5.7,26.3,27.3,23.5,3.4,47.4,101.0981172,95.07615815,69.9,17.5,26.3,41,59,48.5,82.3,8.1,422,1573,599,2713,82.5,51.5,45.1,23.7,48.7,42.9,36,21.1,60.2,34.8,31.4,26.1,7.7
Francisco Lindor,129,596019,2025,31,644,732,17.9,8.9,0.346,0.812,0.199,86,3,0.269,0.469,0.35,0.355,0.35,0.199,-0.002,-0.003,-0.005,71,16.4,13.9,11.1,33.8,26.9,7.5,14,11.1,-1.6,51.1,33.8,90.5,15.1,34.6,8.8,7.1,25.2,27.9,25.4,5,44.4,100.7564253,94.87479472,67.3,15.3,26.7,35.8,64.2,48.4,73.3,8.3,519,1603,662,2940,84.7,51.6,43,20.8,47.7,42.1,35.4,22.5,61.1,39,27.5,25,8.5
Josh Naylor,128,647304,2024,27,563,633,16.6,9.2,0.32,0.776,0.213,108,0,0.257,0.443,0.332,0.335,0.333,0.186,-0.014,0.013,-0.003,72.9,32.7,15.9,12.7,34.1,27.3,7.6,11,8.7,-8.7,45.3,29.1,89.9,11.1,30.1,8.4,6.1,22.9,24.2,34.6,3.5,40.9,100.8153601,94.68081673,72.3,14.5,32.2,37,63,54.8,81.3,6.3,487,1081,555,2284,85.4,45.2,42.1,22.4,50.3,38.1,40.3,21.6,60.3,46.8,25.1,20.8,7.4
Josh Naylor,128,647304,2025,28,543,604,13.7,7.9,0.353,0.815,0.167,92,2,0.277,0.439,0.351,0.339,0.341,0.162,0.018,0.023,0.012,70.9,17.8,16.4,13,39.2,31.2,7.6,21,7.5,-8.2,43.9,31.3,89.2,11.6,30.8,6.7,7.5,26.5,23.9,32.7,2.6,41.9,100.1239639,94.31797369,72.5,13.2,37.1,37.9,62.1,52.6,80.8,7.7,347,948,545,2013,86.8,47.4,41.1,22.1,53.9,42.2,39.6,18.3,63,45.8,26,23,5.2
James Wood,127,695578,2025,22,598,689,32.1,12.3,0.35,0.825,0.219,94,2,0.269,0.504,0.353,0.368,0.362,0.235,-0.013,-0.029,-0.015,76,62.7,22.7,15.9,33.6,23.5,7.7,44,11.1,1.9,41.9,39.7,94.3,6.3,36.3,16.3,7.4,25,13.4,34.2,2.9,56.3,106.4462598,98.23044724,55.8,23.1,24.2,56.1,43.9,49.4,66.1,7.6,462,1378,793,2887,76.9,50.6,43.3,32.9,40.2,29.7,42.9,27.4,56,49.7,21.3,27.6,1.3
Ryan O'Hearn,127,656811,2025,31,474,544,20,10.7,0.366,0.803,0.156,63,0,0.278,0.441,0.349,0.35,0.365,0.162,0.003,-0.004,-0.001,71.8,17.8,14.3,11.2,32.8,25.7,7.1,18,11.2,1.7,43.3,33.4,89.4,11.4,38.2,7.6,7,29.3,23,29.8,2.7,42.5,99.56635745,94.07213357,66.8,15.7,26.8,42.1,57.9,50.3,79.6,7.3,358,1131,523,2173,84.3,49.7,44.6,23.3,46.8,36,37.1,26.8,60.4,45,25.7,24.1,5.1
Jazz Chisholm Jr.,126,665862,2024,26,562,621,24.5,8.5,0.324,0.76,0.18,73,1,0.24,0.415,0.327,0.316,0.31,0.176,0.016,0.021,0.011,71.9,23.3,15.1,10.6,32.5,22.8,7.5,11,14.1,-2.1,52.3,34.9,89.7,11.4,29.6,9.7,5.8,22.3,20.6,35.2,5.8,41.1,100.1224668,94.45914186,67.1,22.7,29.2,43.7,56.3,51.6,76.7,7.6,405,1343,570,2495,77.3,48.4,42.3,29.3,47.5,41.3,41.3,17.5,60.1,49.8,25,18.9,6.3
Jazz Chisholm Jr.,126,665862,2025,27,462,531,27.9,10.9,0.332,0.813,0.239,80,0,0.245,0.503,0.349,0.358,0.335,0.258,-0.003,-0.022,-0.009,73.9,41.8,16.3,11.2,29.6,20.4,7.8,7,15.8,-6.1,56.7,32.9,89,15.8,32.6,15,6,20.1,27.6,26.6,4.7,43.3,100.9387506,94.67092819,68.4,25,26.5,50.2,49.8,51,80.5,7.9,408,1073,478,2138,75,49,43.8,32.2,47.1,48.9,32.6,18.5,62,39.5,33.2,17.9,9.4
Julio Rodríguez,126,677594,2024,23,567,613,25.4,6.2,0.325,0.734,0.136,68,1,0.275,0.463,0.321,0.344,0.327,0.187,-0.002,-0.054,-0.023,76.3,63.4,20.6,14.5,29.6,20.8,7.9,30,8.1,-2.9,47.2,33,91.7,10.5,33.2,10.2,6.1,25.4,21.3,34.4,2.7,48.4,103.5536875,96.32534412,74.7,21.2,37.3,47,53,54.5,81.8,6.7,299,1264,588,2385,78.8,45.5,40.8,30.9,54.3,33.4,39.2,27.4,61.8,44.6,26.2,23,6.3
Julio Rodríguez,126,677594,2025,24,652,710,21.4,6.2,0.324,0.798,0.207,95,0,0.284,0.495,0.341,0.357,0.34,0.211,-0.017,-0.021,-0.016,76.4,63.7,19.8,14.4,30.8,22.5,7.7,19,6.9,-1.4,46.4,31.7,91.8,8.5,31.5,9.8,8.8,23.7,20.9,34.1,2.4,48,103.7115726,96.24062626,75.2,19.4,35.9,46.4,53.6,50.5,80.1,7.3,301,1370,540,2496,80.6,49.5,42.3,28.2,55.4,35.9,40.8,23.3,67,48.2,25.7,21.1,5
Tyler Soderstrom,125,691016,2025,23,561,624,22.6,8.8,0.346,0.82,0.198,93,1,0.272,0.471,0.354,0.352,0.343,0.199,0.004,0.003,0.002,74,38.1,20.9,15.9,33.1,25.2,7.5,27,9.6,1.2,50.2,30.6,91.6,7.9,34.4,11.4,6.9,25.4,18.2,35.5,2.1,49.8,103.0236771,96.01581468,68.3,16.2,28.7,47.9,52.1,49.2,80.9,7.8,458,1075,577,2227,83.8,50.8,44.9,25.4,48.9,33.2,38.4,28.4,62.7,48.3,23.5,24.6,3.6
Cody Bellinger,125,641355,2024,28,516,569,15.6,7.9,0.325,0.751,0.16,78,0,0.242,0.391,0.322,0.301,0.305,0.149,0.024,0.035,0.021,69,5.2,9.7,7.7,38.6,30.6,7.6,22,13.2,-3.1,59.5,32.6,87.8,17.4,32.9,6.3,3.9,23.6,36.6,27.3,2.3,32.9,97.31402921,92.76835107,67.1,16,32.4,35,65,49.9,77.1,7.5,307,1180,456,2083,84,50.1,43.2,22.2,49.8,40.5,33.3,26.2,59.1,37,35,21.1,6.9
Cody Bellinger,125,641355,2025,29,588,656,13.7,8.7,0.334,0.814,0.208,98,0,0.261,0.436,0.347,0.332,0.327,0.175,0.011,0.044,0.015,70.1,6.5,12.6,10.4,33.9,28.1,7.8,10,12.9,-3.2,59.3,32.4,88.3,18.5,37.1,7.5,8.5,22.9,32.5,24.5,3.7,37.9,98.69037032,93.44414941,67,12.5,30,30.5,69.5,50.6,77.6,7.1,427,1426,567,2594,87.5,49.4,44.1,18.1,48.3,42.4,31.8,25.8,60,32.9,35.7,24.3,7.1
Trea Turner,125,607208,2024,31,505,539,18.2,5,0.338,0.807,0.174,62,1,0.264,0.419,0.349,0.318,0.309,0.155,0.031,0.05,0.031,71.6,17.1,13.4,10.1,34.1,25.6,7.6,15,11,-5.4,61.4,29,89.1,11.5,30.9,6.9,5.6,23.5,25.5,35.5,2.7,40.7,99.70606338,94.07310754,74.8,14.2,33.9,51,49,51.5,82.5,7.8,262,1029,580,2043,85.8,48.5,41.3,26.1,53.7,43.6,33.8,22.5,66.6,47.1,26.5,21.3,5.1
Trea Turner,125,607208,2025,32,589,639,16.7,6.7,0.355,0.812,0.153,69,1,0.278,0.416,0.352,0.325,0.332,0.137,0.026,0.041,0.027,71.2,17.9,14.6,11.2,33.5,25.7,7.6,18,8.1,-2.9,60.1,27.9,89.3,9.1,34.7,5.8,5.6,27.1,22.3,35.7,3.5,42.1,100.1095826,94.28452176,72.8,13.9,31,49.1,50.9,51.2,83.1,8.1,305,1239,657,2407,86.1,48.8,41.8,24.8,51.4,38.6,37.4,24,63.6,48.3,23.1,24.2,4.3
Eugenio Suárez,125,553993,2024,32,571,640,27.5,7.7,0.319,0.788,0.213,101,1,0.247,0.447,0.337,0.33,0.314,0.201,0.009,0.022,0.007,72.2,21.5,15,10.8,30.7,22.2,7.8,34,17.5,-3.8,50.2,38.6,89.1,19.5,40.4,11.3,8.9,25.6,28.8,20.4,4.7,42.4,100.5705523,94.46343899,66.9,18.8,27,55.2,44.8,49.4,78.5,7.9,250,1482,584,2542,81.2,50.6,42.3,29.1,47.2,49.3,28.8,21.9,65.2,32.5,33.3,26.4,7.9
Eugenio Suárez,125,553993,2025,33,588,657,29.8,7,0.298,0.824,0.298,118,0,0.217,0.468,0.347,0.324,0.29,0.251,0.011,0.058,0.023,72.3,26.5,15.5,10.8,31.8,22.2,7.8,57,18.5,-5.5,44.5,38.7,90.2,21.9,32.8,14.3,8,16.3,35.1,22.6,3.8,47.6,101.4773033,95.09982847,69.4,21.2,31,60.8,39.2,49.6,76.1,7.1,279,1402,680,2606,78.8,50.4,43.8,33.3,50.4,47.4,34.8,17.8,64,32.1,40.9,18.5,8.5
Alec Burleson,124,676475,2024,25,547,595,12.8,5.9,0.314,0.734,0.151,78,0,0.273,0.435,0.319,0.329,0.32,0.162,-0.004,-0.015,-0.01,71.2,18,13.3,11.1,37.2,31,7.5,11,9.6,1.4,54.9,33.4,89.7,13.6,34.3,6.5,7.1,26.6,26.2,30.1,3.1,41.7,99.38192717,94.01215575,77.6,13.3,34.5,32,68,50.6,84.5,7.3,298,1165,502,2117,86.7,49.4,41.7,19.2,55.7,33.5,38.7,27.8,63.5,42.5,25.5,25.5,6.5
Alec Burleson,124,676475,2025,26,497,546,14.5,7.1,0.343,0.802,0.169,69,1,0.28,0.478,0.346,0.352,0.336,0.198,0.01,-0.019,-0.006,72.4,29.2,18.7,15.8,39.1,32.9,7.5,12,10,0.3,57.5,31.8,91,15.2,34,9.5,7.6,24.8,27.2,26.5,3.8,43,101.3864843,95.13020959,69.5,13.1,28.8,29.7,70.3,49.6,74.5,7.9,314,1070,431,1933,86.9,50.4,43.1,17.9,49.3,33.6,40.4,26,59,40.2,28.8,24.1,6.9
Brice Turang,124,668930,2024,24,559,619,17,8.1,0.316,0.665,0.095,57,0,0.261,0.34,0.294,0.297,0.323,0.079,-0.007,0.009,-0.003,66.2,3.4,6.1,5.3,33.8,29.1,6.1,12,1.1,6.1,25.9,30.3,87,6.1,32,2.4,2.6,28.4,20.8,38.3,7.4,29.7,96.86933306,92.52182187,64.4,9.2,28.4,25.7,74.3,46.5,75.9,8.9,357,1449,533,2470,90.8,53.5,42.7,13.8,47.7,24,41.8,34.2,62.6,53.7,17.7,24.5,4.1
Brice Turang,124,668930,2025,25,584,659,22.8,10,0.359,0.794,0.147,81,1,0.268,0.441,0.346,0.342,0.344,0.173,0.02,-0.006,0.004,70.6,18.1,14.3,11.6,34.3,27.8,6.8,27,6.9,8.2,45.1,31.2,91.1,8.6,35.1,7.9,6.1,29.5,19.7,31.7,4.8,47.4,100.6147854,94.8929229,62.8,15.5,23.8,37.2,62.8,47.3,74.6,8.2,352,1554,671,2772,84.5,52.7,43.1,21,44.3,25.9,40.6,33.6,57.1,46.9,25.6,25.2,2.3
Willson Contreras,124,575929,2025,33,490,563,25.2,7.8,0.344,0.791,0.19,80,1,0.268,0.506,0.344,0.369,0.354,0.238,-0.011,-0.059,-0.025,76,62.1,18.3,13.2,29.1,21,8,14,9.4,-1.8,47.3,32.8,90.6,12.3,37.1,13.9,7.1,22.9,21.8,29.5,4.2,49,103.1539365,96.03308046,66.3,19.5,30.1,50.3,49.7,49.2,81.2,7.1,251,1185,523,2160,80.5,50.8,44,28.9,48.5,37.7,38,24.4,62.7,41.9,28,25.8,4.2
Manny Machado,123,592518,2024,31,593,643,19.3,7,0.325,0.797,0.197,105,1,0.272,0.461,0.34,0.338,0.325,0.189,0.003,0.011,0.002,75.2,52.6,20.8,16.4,31.9,25.1,7.8,23,6.8,-0.2,54.3,25.6,92.5,12.7,33.8,11,5.9,24.3,24.3,32.3,1.7,48.8,103.3704941,96.17209183,72.4,16.2,29.7,45.3,54.7,48.6,80.4,6.8,241,1455,513,2387,83.8,51.4,44.2,24.4,51.6,35.1,42.5,22.4,63.3,43.3,22,26.6,8
Manny Machado,123,592518,2025,32,615,678,19.3,8.1,0.335,0.795,0.185,95,0,0.282,0.511,0.341,0.366,0.344,0.228,-0.007,-0.051,-0.025,74.5,43,22,16.5,35.4,26.6,7.8,20,7.6,-0.3,54.6,26.5,92.9,14.3,34.8,12.9,7.8,23.3,24.9,29.4,1.6,51.5,103.43453,96.41640178,70,18.6,29.9,43.7,56.3,49.8,81,8.5,329,1444,629,2647,81.4,50.2,43.3,26.1,50,35.6,39.3,25.2,63.5,38.9,29.2,24.9,7
Seiya Suzuki,123,673548,2024,29,512,585,27.4,10.8,0.366,0.848,0.199,73,1,0.255,0.453,0.365,0.346,0.343,0.198,0.028,0.029,0.019,73,35,18,13.8,33.4,25.7,7.2,17,6.4,-0.9,47.3,30.1,91.7,16.2,38.8,11.5,10.1,25.3,28.1,23.9,0.8,49.2,102.5653693,95.83419141,59.6,16.6,20.7,46.1,53.9,51.4,70.9,7.5,329,1455,548,2509,83.4,48.6,42.3,24.5,39.6,32.6,44.9,22.5,57.5,33.7,34,26.7,5.6
Seiya Suzuki,123,673548,2025,30,571,651,25.2,10.9,0.326,0.804,0.233,103,0,0.262,0.511,0.343,0.365,0.343,0.25,-0.017,-0.033,-0.022,73.4,37.5,19.2,15.2,33.5,26.6,7.2,25,8.1,-3.2,50.3,31.1,91.3,17.9,40.2,16.6,7.5,20.5,29.9,23.6,1.9,48.7,102.9312788,95.89023337,59.1,15.7,20.5,49.8,50.2,47.8,63.2,7,265,1402,790,2727,84.3,52.2,42,23.9,40.6,41.9,34.7,23.4,59.6,31.8,34.7,25.8,7.7
Christian Yelich,121,592885,2025,33,573,644,25.9,9.9,0.343,0.795,0.188,103,1,0.26,0.465,0.343,0.346,0.341,0.205,0.004,-0.013,-0.003,73.4,35.6,18.3,13.2,32.4,23.4,7.5,23,9.7,6.9,44.4,36.3,90.2,1.9,31.2,10.3,6.1,22.1,12.3,45,3.9,46.4,102.3702842,95.46599198,66.7,18.4,25.7,55.8,44.2,51.2,74.9,7.2,252,1503,644,2601,81.6,48.8,41.5,29.2,45.7,33.4,38.8,27.8,65,56.8,17.2,22.9,3.2
Riley Greene,121,682985,2024,23,512,584,26.7,11,0.348,0.827,0.217,74,0,0.253,0.477,0.355,0.353,0.341,0.224,0.009,0.002,0.002,74.7,45.8,17,12.6,30.8,22.8,7.2,7,11.9,0.4,43.6,43.4,91.3,12.2,39.1,13.4,8.1,22.9,21.2,32.7,1.4,47.1,102.0880817,95.54007409,66.3,19.4,23.1,45.8,54.2,51.2,74.7,7.6,464,1285,505,2415,80.6,48.8,41.6,26.8,44.3,37.4,39.4,23.2,60.4,43.6,27.7,24.9,3.9
Riley Greene,121,682985,2025,24,600,655,30.7,7,0.313,0.806,0.235,111,0,0.25,0.516,0.343,0.347,0.306,0.266,0.008,-0.023,-0.004,75.6,57.3,15.1,10.4,24.6,17,7.3,6,13.9,1.3,43.6,44.6,89.9,15,36.9,17.1,5,21.5,24.5,28.7,3.2,45.5,102.5736836,95.50996453,73.6,23.8,31.2,48,52,49.6,85.7,7.2,457,1554,513,2706,76.2,50.4,44.2,30.9,52.6,40.8,32.9,26.2,63.3,40.8,31.7,22.3,5.2
Maikel Garcia,121,672580,2024,24,575,626,16.5,6.7,0.281,0.613,0.101,58,1,0.26,0.366,0.27,0.3,0.31,0.106,-0.029,-0.034,-0.03,70.8,10.8,15.9,13.8,40.9,35.5,7.2,12,4.6,4.6,45.6,28.3,90.4,6.4,34.1,3.7,4.8,26.6,22.5,39.5,2.9,42.8,100.0509274,94.39492241,63.6,10.9,21.2,31.4,68.6,47.7,74.7,9.7,169,1448,561,2360,89.1,52.3,41.1,15.7,43.4,29.7,41.2,29.1,65.7,49.5,20.4,26.6,3.5
Maikel Garcia,121,672580,2025,25,595,666,12.6,9.3,0.351,0.8,0.163,74,0,0.287,0.437,0.347,0.345,0.353,0.15,-0.001,0.012,0.002,71.9,17.1,21.4,18.6,44.1,38.3,7.3,11,4.5,0.5,44.2,27.1,91.3,9.7,34.5,5.6,8.1,23.3,24.7,35.5,2.7,45.1,101.3420016,95.06868536,58,9.4,20.8,31.7,68.3,48.2,68.8,8,234,1473,565,2519,90.6,51.8,41.6,15,40.1,35.3,39.7,25,62.5,44.9,21.6,27.2,6.4
Randy Arozarena,120,668227,2024,29,549,648,26.1,11.3,0.332,0.72,0.169,60,1,0.216,0.377,0.32,0.321,0.332,0.161,0.003,0.011,-0.001,72.7,33.4,15.9,11.6,32.9,24.1,7.4,15,9.4,-2.1,69.6,24.8,90.4,13.2,28.4,8.3,7,21.1,27.6,33.1,2.6,43.5,100.9041082,94.73133138,59.5,25,24.3,40,60,52.7,72,6.7,336,1538,648,2774,75,47.3,43,29.7,41,42.4,38,19.5,62.5,44.5,27.6,19,8.9
Randy Arozarena,120,668227,2025,30,613,709,26.9,9,0.334,0.76,0.188,76,2,0.238,0.43,0.332,0.336,0.335,0.192,0,-0.004,-0.004,72.3,29.7,18.2,13.2,34.9,25.4,7.4,20,8.7,0.5,62.1,25.3,91.3,12.9,32.6,11.5,7.7,22.7,24.6,29,4.2,50.6,102.4904579,95.92666047,62.6,24.1,25.2,43.9,56.1,49.7,75.9,7.9,340,1671,592,2873,75.9,50.3,42.4,29.7,44,33,42.2,24.8,62.4,42.6,26.9,21.3,9.1
Gunnar Henderson,120,683002,2024,23,630,719,22.1,10.8,0.364,0.893,0.248,92,0,0.283,0.492,0.381,0.374,0.368,0.208,-0.002,0.037,0.007,76.3,64.5,22.8,17.9,32.3,25.2,7.2,20,8.3,2.9,47.4,30.5,92.8,9.2,34.5,11.2,8.6,24.4,18.7,33.7,3.2,53.9,104.0023329,96.83572329,66.7,17.5,23.2,42.8,57.2,51.6,77.8,7,496,1650,574,2896,82.5,48.4,43.4,24.4,44.2,36.6,40,23.4,55.6,47.4,23.6,24.6,4.4
Gunnar Henderson,120,683002,2025,24,577,651,21,9.5,0.349,0.787,0.164,68,0,0.285,0.433,0.339,0.348,0.362,0.149,-0.011,0.005,-0.009,75.4,53.7,20.6,15.9,32.6,25.2,7.3,21,8.5,1,50.9,29.1,92.1,9.5,29.9,8.5,4.7,30.3,18.7,34.8,2,49.2,102.9365644,96.03102308,67.5,16.5,27.7,46,54,50.2,76.2,7.6,401,1377,580,2506,83.5,49.8,43.3,25.1,47.6,36.6,37.8,25.6,59.4,48.5,18.9,25.8,6.7
Mike Trout,120,545361,2025,33,456,556,32,15.6,0.359,0.798,0.207,64,0,0.246,0.49,0.343,0.368,0.373,0.243,-0.014,-0.051,-0.025,74,40.1,16.4,11.8,27.4,19.7,7.5,25,7.6,0.2,44.8,36.4,90.9,17.5,44.4,15.8,8.5,25.4,23.6,20.4,6,49.3,103.4399035,96.17946389,55.9,20.7,20.7,56.2,43.8,48.8,66.7,7.7,206,1641,429,2482,79.3,51.2,45.3,29.9,38.8,37.7,34.2,28.2,51.9,34.2,30.3,28.2,7.4
Brendan Donovan,119,680977,2024,27,587,652,12.4,7.2,0.342,0.759,0.139,73,0,0.277,0.419,0.332,0.335,0.343,0.142,0.001,-0.002,-0.003,69.6,7.2,13.8,12,40.5,35.2,6.9,14,7.7,0.8,49.6,30,88.7,13.2,36.6,5.5,6.5,25.8,26.8,32.1,3.1,37.6,98.55223739,93.4186186,63.7,8.6,23.7,33.6,66.4,48.6,68,8.9,326,1497,503,2487,91.4,51.4,42.8,15.1,44.2,35.4,36.2,28.4,59.7,42.3,22.9,27.2,7.6
Brendan Donovan,119,680977,2025,28,460,515,13,8.2,0.353,0.775,0.135,50,0,0.292,0.462,0.337,0.356,0.359,0.17,-0.005,-0.04,-0.019,69.3,4.8,17.5,15.2,42.3,36.8,6.8,8,7.9,1.8,49.2,30.4,89.7,12.2,40.1,8.8,7,26.8,23.1,30.1,4.3,40.9,99.94656294,94.33799515,61.3,8.7,25,26,74,48,77.4,8.1,214,1157,454,1923,91.3,52,43.7,13.4,43.8,34.8,38.3,26.8,61,43.1,22.3,28.1,6.5
Matt Chapman,118,656305,2024,31,575,647,24.4,9.9,0.328,0.791,0.216,78,0,0.25,0.451,0.34,0.341,0.332,0.201,-0.003,0.012,-0.001,76.6,64.1,18.5,14.1,28.1,21.5,7.5,21,6.2,-2.8,51.5,26.4,93.2,16.2,31.3,12.6,8.1,20.5,30.1,24.6,3.1,48.3,104.356013,96.7276333,63.5,18.9,24.2,36.8,63.2,48.1,71.5,7.1,236,1590,646,2706,81.1,51.9,43.2,23.5,44.6,37.9,37.7,24.3,64.2,38.4,28.4,23.2,10
Matt Chapman,118,656305,2025,32,454,535,23.6,13.3,0.34,0.77,0.199,61,1,0.254,0.439,0.336,0.351,0.361,0.185,-0.023,-0.009,-0.015,74.9,50.8,18.1,13.7,30,22.8,7.5,20,5.6,-3.8,53.3,25.3,92.2,15.7,34,9.9,6.9,26.2,27.1,27.4,2.4,47.6,102.9366095,95.95166539,63.8,19.3,20,45.4,54.6,48.9,77.2,8.2,211,1324,520,2209,80.7,51.1,42.8,25.3,42.4,43.4,33.7,22.9,58.8,40.4,24.7,22.3,12.7
Wyatt Langford,118,694671,2024,22,499,557,20.6,9.2,0.325,0.74,0.162,74,3,0.254,0.423,0.321,0.328,0.327,0.17,-0.001,-0.008,-0.007,74.5,48.3,18.3,14.1,31.7,24.4,7,8,11.2,-4.4,55.6,31,89.6,16.6,31.3,9.3,6.5,23,27.9,28.4,4.1,43.4,101.2110989,94.8073656,64.3,16.8,23,38.5,61.5,52,71.7,8.3,258,1264,560,2256,83.2,48,42.1,22.9,42.8,44.7,33.3,22,60.7,40.1,28.9,22,9
Wyatt Langford,118,694671,2025,23,489,573,26.4,12.9,0.344,0.775,0.19,62,0,0.247,0.456,0.337,0.353,0.352,0.209,-0.006,-0.025,-0.016,73.1,29,17.9,13.4,34.4,25.8,7,10,16.8,-3.1,48.6,33.7,91.4,17.5,35.9,14,6.1,22.7,28.9,23.6,4.7,48.4,102.3699667,95.79834863,63.8,16.8,23.4,50.7,49.3,51.6,76.4,6.9,353,1318,455,2335,83.2,48.4,42.3,26.3,43,43.1,33.8,23,62.1,35,30.6,26.8,7.6
Hunter Goodman,118,696100,2025,25,540,579,26.3,5.7,0.323,0.843,0.242,91,0,0.254,0.476,0.359,0.332,0.301,0.222,0.024,0.044,0.027,74.4,42.7,16.3,11.5,30.9,21.7,7.3,27,13.4,-7.2,61.1,25.2,90.8,17.3,32.8,12.8,5.4,23.8,29,24.4,3.8,46.9,102.5999686,95.75864563,75.3,19.9,36.7,54.2,45.8,52.8,79.1,7.4,226,1091,584,2149,80.1,47.2,41.6,32,55,48.7,33.3,17.9,65.5,38.5,28.7,22.6,10.3
Spencer Torkelson,118,679529,2025,25,563,649,26,11.1,0.333,0.789,0.216,78,1,0.237,0.476,0.339,0.346,0.332,0.239,0.003,-0.02,-0.007,73.1,26.5,15.2,11.5,30.6,23,7.8,17,13.5,-8,50,38,90.2,23.1,39.3,13.5,7.8,21.1,34.8,20.6,2.3,45.1,100.7921562,94.77628559,65.9,17.6,22.4,55.4,44.6,49.1,77.5,8.6,360,1369,598,2634,82.4,50.9,43.4,26.9,44.6,48.4,31.1,20.6,62.3,27.6,36.6,24.1,11.8
Jake Cronenworth,117,630105,2024,30,577,656,18,9.3,0.324,0.714,0.149,83,1,0.259,0.42,0.315,0.335,0.341,0.161,-0.018,-0.03,-0.02,69.5,6.3,11.9,9.9,31.9,26.6,7.1,11,6.4,0.8,36.2,33.3,88.6,13.9,35.4,7.8,5.8,25.7,25.7,29.2,5.2,36.7,99.52756127,93.90413365,65.9,10.8,23.1,36.1,63.9,48.8,78.9,8.3,281,1803,529,2752,89.2,51.2,43.4,17.1,45,32.6,38.7,28.7,58.2,43.6,25.3,23.8,7.3
Jake Cronenworth,117,630105,2025,31,419,515,20.8,13.4,0.367,0.744,0.131,59,1,0.232,0.36,0.333,0.324,0.357,0.128,0.014,0.017,0.009,70.9,15.5,11.9,9.7,30.2,24.6,7,9,7.4,-0.7,36.5,31.1,88.5,14.9,31.9,6.2,4.3,24.5,28.2,30.7,5.9,39,99.15448481,93.79098991,62.1,11.4,22.2,40.7,59.3,48.7,68.8,7.9,283,1334,446,2184,88.6,51.3,43.6,18.8,42.7,35.6,37.8,26.6,60.3,43,30,21.4,5.6
Taylor Ward,117,621493,2024,30,585,663,24.6,9.5,0.323,0.749,0.18,75,0,0.251,0.458,0.325,0.344,0.331,0.207,-0.005,-0.032,-0.019,69.8,8.4,14.8,11.4,38.4,29.6,7.1,23,9.4,0,51.4,31.4,90.9,17.4,41.9,13,6.7,22.3,30.5,26,1.2,42.4,100.0177516,94.46458564,64.8,17.7,20.8,50.9,49.1,49,78.4,7.9,196,1470,703,2599,82.3,51,42.2,25.5,43.2,32.3,36.3,31.4,61.1,32.3,36.3,27.7,3.7
Taylor Ward,117,621493,2025,31,579,663,26.4,11.3,0.317,0.792,0.247,103,1,0.242,0.465,0.339,0.342,0.329,0.224,-0.014,0.01,-0.003,69.5,7.2,14.7,11.3,37.4,28.9,7.1,26,9.1,-2.9,55.5,32.1,90.1,18,34.9,13.7,7.1,22.4,30.7,22.9,3.2,42.7,100.9447539,94.84361417,53.7,13.5,20.7,52,48,48.7,67.3,7.4,258,1503,716,2788,86.5,51.3,44.5,23.8,37.6,36.6,36.3,27.1,61.4,34.4,36.1,21.7,7.8
Ian Happ,116,664023,2024,29,569,657,25.6,12.2,0.341,0.782,0.198,86,0,0.243,0.446,0.341,0.345,0.342,0.203,0,-0.005,-0.004,72.4,23.7,15.1,11,31.8,23.2,7,18,9.7,-3.9,44.1,32.6,90.8,15.1,37,11.7,7.7,23.6,26.6,26.8,3.5,45.2,101.5906663,95.28799229,67.8,21.4,23.2,47.3,52.7,49.2,80.2,7.1,595,1506,463,2721,78.6,50.8,45,27.9,45.9,38.7,34,27.3,61.3,39.2,30.3,22.8,7.7
Ian Happ,116,664023,2025,30,569,663,22.8,13.1,0.342,0.762,0.177,79,2,0.267,0.472,0.333,0.363,0.365,0.204,-0.024,-0.052,-0.03,71.7,17.2,16.1,12.2,32.6,24.9,6.9,15,10.3,-5.5,46.5,32.7,90,16.1,35.7,10.4,10.4,27,25.8,22.7,3.5,44.4,101.3841398,95.03037442,63.5,17.5,20.8,49.1,50.9,46.9,83.4,8.9,524,1521,536,2717,82.5,53.1,44.6,24.6,43.5,40.9,33.8,25.3,59,36.6,29.1,26,8.3
Vinnie Pasquantino,116,686469,2024,26,496,554,12.8,7.2,0.315,0.761,0.184,97,0,0.266,0.438,0.325,0.331,0.322,0.172,-0.004,0.008,-0.006,71.7,19.7,16.3,14.1,37.2,32.1,7.4,10,9.6,-7,57.9,30.1,91,14.6,31.9,7.1,8.9,23.2,28.2,30.1,2.5,46.5,100.9979932,94.97092114,66.3,7.5,30.7,28.4,71.6,52,75,7.3,394,1179,431,2133,92.5,48,42.7,14.5,47.8,45.8,35.3,18.9,59.9,40.3,27.8,23.5,8.4
Vinnie Pasquantino,116,686469,2025,27,621,682,15.7,7.2,0.323,0.798,0.211,113,0,0.271,0.479,0.34,0.345,0.33,0.208,-0.007,-0.004,-0.005,72.5,26.5,18.3,15.1,36.3,30.1,7.4,12,9.8,-9.2,55.7,29.4,90.9,16.3,33.5,10.8,7.9,20.8,28.3,30.1,1.7,44.7,101.3395741,95.02274711,65.2,10,30.4,36.2,63.8,49.5,76.9,7.1,495,1371,584,2572,90,50.5,43.2,18.2,48,45.1,32.9,22,63,38.2,29.7,24.3,7.9
Zach Neto,116,687263,2024,23,542,602,23.3,6.5,0.318,0.761,0.194,77,0,0.236,0.414,0.33,0.317,0.307,0.178,0.013,0.029,0.013,71,14.7,13.9,10.4,33.8,25.4,7.1,37,14.6,-6.1,56.5,33.4,88.5,12.3,29,8.4,8.4,21.1,24.8,29.7,7.1,38.8,100.1308329,94.28058907,67.9,17.8,31.3,45.8,54.2,51.9,76.3,7,280,1168,620,2289,82.2,48.1,41.5,27.1,48.9,46.2,33.9,19.9,62.1,45.2,29.2,18.7,6.9
Zach Neto,116,687263,2025,24,502,554,26.9,6,0.319,0.793,0.217,62,1,0.261,0.51,0.337,0.355,0.325,0.249,-0.004,-0.036,-0.018,71.4,13.3,18,13.1,36.6,26.6,7.1,30,18.1,-5.7,48.2,39,91,17.5,38,14,8.9,21.8,26.8,24.6,3.9,46.6,101.7759428,95.4207168,69.4,18.6,30.1,50.7,49.3,52.8,74.3,7,269,1114,557,2171,81.4,47.2,38.1,29.1,48.6,45.8,33.2,20.9,64.8,36.3,31.6,24.6,7.5
Alejandro Kirk,116,672386,2025,26,451,506,11.7,9.5,0.348,0.769,0.139,76,3,0.29,0.491,0.334,0.368,0.359,0.201,-0.008,-0.07,-0.034,72.6,28.7,21.2,17.4,38.6,31.7,7.2,12,7.9,4.4,56,24,91.1,11.9,34.4,10.1,8.3,24.6,21.9,31.9,3,50.8,102.169605,95.72645481,65.9,14.4,29,27.6,72.4,50.6,79.4,8.3,156,1147,496,1977,85.6,49.4,41.2,18.5,47.2,28.1,41.5,30.4,60.2,44.2,25.4,24.1,6.3
Brandon Nimmo,114,607043,2024,31,571,663,23.8,11.6,0.327,0.726,0.175,90,1,0.244,0.408,0.321,0.335,0.346,0.164,-0.02,-0.009,-0.014,73.3,34.8,15.5,12.1,30.9,24.2,7.3,15,6.6,-0.3,50.6,29.2,91.9,11.2,33.7,9.1,6.5,25.5,24,33.7,1,47.4,101.2649829,95.22165969,65.6,15.2,24.1,45.5,54.5,50.1,79,8.3,294,1700,614,2747,84.8,49.9,42.9,23.4,44.8,37,36.3,26.7,59,42.8,27.2,25,5
Brandon Nimmo,114,607043,2025,32,587,652,21.6,7.7,0.324,0.76,0.174,92,1,0.262,0.434,0.329,0.331,0.326,0.172,0,0.002,-0.002,72.3,26.5,19.2,14.8,34.4,26.5,7.2,22,6.6,2.1,47.9,29.1,91.9,11.2,29.7,8.8,8.4,23.1,22.5,35,2.2,50.2,102.5635614,95.89719656,66.2,17.2,24.2,45.3,54.7,45.5,75.7,8.4,248,1498,685,2602,82.8,54.5,43.3,23.8,47.2,35.2,35.5,29.3,61,46,23.6,23.1,7.3
Brandon Lowe,114,664040,2025,30,507,553,26.9,6.9,0.307,0.784,0.221,83,0,0.264,0.498,0.334,0.347,0.316,0.234,-0.008,-0.021,-0.013,73.9,40.4,15.7,11,30,21,7.2,31,14.8,-2.6,48.7,33.5,91.1,15.2,37.6,12.9,6.3,26.1,25.3,26.1,2.7,46.6,101.9910602,95.47454276,77.6,23.4,32.1,58.7,41.3,48.7,87.1,8,418,1045,526,2146,76.6,51.3,43.3,33.4,55.5,45.6,30.8,23.6,61.8,37.9,29.7,25.8,6.6
Marcell Ozuna,114,542303,2024,33,606,688,24.7,10.8,0.378,0.924,0.244,104,0,0.286,0.572,0.395,0.402,0.368,0.286,0.016,-0.026,-0.007,74,42.5,20.3,14,33.9,23.3,7.4,4,15.4,-2.6,53.2,36.5,92.1,14.4,40.5,15.5,11.4,25.2,19.1,25.2,3.4,53.4,103.3389911,96.48968613,72.5,22.6,26.5,50.4,49.6,55.9,81,6.6,344,1557,694,2875,77.4,44.1,40.5,31.4,46.8,46.8,32,21.1,57.6,38,31.6,27.3,3.2
Marcell Ozuna,114,542303,2025,34,487,592,24.3,15.9,0.355,0.755,0.168,68,2,0.249,0.464,0.334,0.362,0.371,0.214,-0.017,-0.064,-0.028,72.9,31.6,14.6,10.9,31.8,23.7,7.2,3,13.9,-0.9,53,36.8,89.9,14.1,35.1,11.4,9.7,22.3,24.3,28.9,2.9,44.6,101.3226932,94.95762911,57.9,18.9,22.3,42.3,57.7,51.9,71.6,6.4,349,1393,649,2635,81.1,48.1,42.3,25.8,39.4,42.9,34.3,22.9,59.4,40.3,32.6,22.3,4.9
Sal Frelick,114,686217,2024,24,475,524,14.9,7.4,0.32,0.655,0.076,32,0,0.246,0.304,0.292,0.278,0.308,0.058,0.013,0.031,0.014,66.3,2.6,5.8,5.1,36,31.7,6.9,10,5.6,0.6,40.9,30.3,83.4,9.7,30,0.8,3.5,24.8,24,38.3,8.5,19.5,94.43975785,91.27240391,57,8.1,25.8,23.8,76.2,49.5,59.9,7.2,251,1209,457,2046,91.9,50.5,42.2,12.9,41.5,29.5,43,27.5,61.1,48,18,24.8,9.3
Sal Frelick,114,686217,2025,25,528,594,13.5,7.9,0.351,0.756,0.117,63,0,0.263,0.351,0.332,0.306,0.332,0.087,0.025,0.054,0.026,68.2,5.4,7.4,6.6,33.3,29.7,7.1,13,8.6,-1.9,52.1,28.2,85.5,12.1,30.7,3.1,2.9,26.1,26.1,35.1,5.9,27.4,96.05850422,92.02970778,60,9.2,26.3,22,77.7,47.2,62.6,8.6,284,1374,502,2311,90.7,52.8,43.7,12.8,44.1,41,34.2,24.8,56.9,46.7,20.2,23.2,10.1
Zach McKinstry,114,656716,2025,30,452,511,21.7,9,0.333,0.771,0.179,49,0,0.252,0.361,0.333,0.308,0.33,0.108,0.007,0.077,0.025,67.5,1.9,9,7,30.9,24.1,6.8,9,9.9,1.4,43.2,37.4,85.7,14.1,41.2,6.1,4.9,30,24.5,30.5,4,30.5,96.98564809,92.49469058,65.5,16.2,26.4,40.7,59.3,48.1,80.9,7.5,292,1173,448,2035,83.8,51.9,46.1,22.8,46.7,43.2,31.4,25.4,61.8,40.9,24.5,29.1,5.5
William Contreras,113,661388,2024,26,595,679,20.5,11.5,0.365,0.831,0.185,92,1,0.269,0.471,0.359,0.358,0.356,0.202,0.012,-0.005,0.001,74.7,50.4,20.9,15.6,34.9,26.1,7.3,24,10,1.4,63.4,28.2,92.8,6.1,29,10,7.8,23.5,17.4,39.2,2,49.5,103.87548,96.64260253,71,19.3,25.6,49.2,50.8,52.1,76.9,6.9,351,1489,616,2677,80.7,47.9,41.6,27.8,47.4,36.6,39.2,24.2,60.7,54,19.4,21.4,5.2
William Contreras,113,661388,2025,27,566,659,18.2,12.7,0.355,0.754,0.139,76,1,0.264,0.409,0.332,0.34,0.361,0.146,-0.004,-0.01,-0.008,73.2,34.9,19.3,15.1,36.6,28.6,7.1,27,10.6,3.3,65.6,29.2,91.1,7,31.6,6.4,10.2,22.1,20.8,36.3,4,48.5,102.5706221,95.83970517,67.9,17.1,25.2,42.9,57.1,50.2,78.7,6.8,294,1405,611,2556,82.9,49.8,44.5,24.2,46.5,35.2,38.9,25.9,60.2,50.4,21.7,23.9,4
Andy Pages,113,681624,2025,24,581,624,21.6,4.6,0.313,0.774,0.189,86,0,0.266,0.443,0.332,0.325,0.309,0.177,0.006,0.018,0.007,72.5,21.3,12.7,10.3,29.3,23.8,7.9,31,7.8,-4,48.1,40.6,88.6,16.9,38.9,8.4,6.6,27,29,25.4,2.9,37.2,99.31346178,93.74606822,70.5,12.9,33.2,42.3,57.7,46.6,84.6,8.5,205,1344,608,2365,87.1,53.4,42.2,21.5,53.1,40.7,34.1,25.2,65.4,35.4,32.5,27.2,4.9
Jose Altuve,113,514888,2024,34,628,682,17.4,6.9,0.35,0.789,0.144,65,1,0.262,0.399,0.344,0.316,0.321,0.137,0.033,0.04,0.028,69.4,13,9,7.1,33.2,26.1,7.8,10,16.5,-4.1,49.4,30.2,86.5,14.1,35.4,6.5,3.9,28.5,24.4,28.7,7.9,31.2,97.32367258,92.69376258,68.6,12.7,37.3,36.3,63.7,54.7,76,7.5,357,1277,637,2454,87.3,45.3,41.1,22.1,51.5,51.3,34.6,14.1,64.6,43,25.9,25.9,5.1
Jose Altuve,113,514888,2025,35,588,654,16.7,8.4,0.329,0.771,0.177,77,0,0.245,0.394,0.331,0.306,0.313,0.148,0.02,0.048,0.025,69.7,10.9,10.3,8.3,31.7,25.7,7.6,12,15.3,-5.7,55.2,28.8,85.1,17.7,29.8,6.2,4.5,21.2,29.2,29.4,9.3,30.9,97.31379786,92.66682171,63.5,13.4,38.9,30.4,69.6,54.9,66,6.1,297,1217,566,2314,86.6,45.1,43,20.7,50,52.5,31.3,16.3,66.5,43.2,25.1,19.8,11.9
J.P. Crawford,113,641487,2025,30,570,654,18.7,11.3,0.352,0.722,0.105,58,2,0.273,0.396,0.322,0.335,0.36,0.123,-0.008,-0.026,-0.013,71,19.3,11,8.8,29.5,23.8,7.2,7,4.7,1.7,36.7,36,87.2,11.5,40,4.8,5.3,29.7,21.1,32.3,5.9,34.7,98.22544937,93.18488273,65.1,16.4,21.9,34.3,65.7,46.4,76.6,8.9,308,1714,485,2731,83.6,53.6,43.5,20.4,45.1,33.6,34.1,32.3,56.8,44.4,23.1,27.3,5.3
Gleyber Torres,113,650402,2024,27,587,665,20.5,9.8,0.33,0.708,0.121,63,0,0.24,0.368,0.313,0.307,0.317,0.128,0.017,0.01,0.006,70.1,9,10,7.9,32.8,26,7.2,21,8.4,5.2,52.5,34.5,88.6,15,38.2,6.3,6.1,26.5,28.6,29.9,2.2,35.4,98.29565592,93.36890443,69.2,18.7,21.4,37,63,49.3,78.4,7.6,337,1513,653,2821,81.3,50.7,42.3,22.9,45.7,31.7,34.7,33.6,62.9,36.9,29.9,26.9,6.3
Gleyber Torres,113,650402,2025,28,532,628,16.1,13.5,0.358,0.745,0.131,74,1,0.278,0.473,0.332,0.371,0.379,0.195,-0.022,-0.086,-0.039,70.2,11.8,14.5,11.8,35.9,29.2,7.2,17,9.3,4.2,56.5,34.1,90,14.3,38.6,8.2,8.2,26.5,27.4,28.1,1.4,39,99.95168169,94.2846749,64.8,14.9,17.1,36.8,63.2,50.3,81.7,7.8,265,1463,653,2652,85.1,49.7,43.8,19.5,40.8,31.1,39,29.9,58.1,38.4,30.6,26,5
Kyle Manzardo,113,700932,2025,24,470,531,25.4,9,0.313,0.768,0.221,70,3,0.231,0.458,0.329,0.331,0.311,0.227,0.003,-0.003,-0.002,70.6,8,14.2,10.4,35.7,26.1,7.4,20,17.3,-0.6,52.2,37,90.3,21.3,37.1,11.8,8.5,23.8,32.6,20,3.2,43.8,100.1144706,94.53163909,67,20.7,27.4,46.7,53.3,47.1,70.2,8.5,394,1051,451,2018,79.3,52.9,43.6,27.7,48.4,39.7,34.4,25.9,60.4,30.3,35.3,24.4,10
Jo Adell,112,666176,2025,26,526,573,26.4,5.8,0.293,0.778,0.249,98,2,0.273,0.565,0.333,0.378,0.328,0.292,-0.037,-0.08,-0.045,77.6,73.4,19.1,14.4,26.2,19.8,7.7,30,8,-5.9,49.5,33.8,91.7,16.1,35.1,17.3,8,18.9,22.9,29.3,3.5,50,104.2157126,96.54748459,74.3,16.9,32.6,52.6,47.4,52.2,84.5,6.4,229,1185,580,2220,83.1,47.8,41,28.5,52.6,38,36.4,25.5,67,38,29.8,23.4,8.8
Jackson Chourio,111,694192,2024,20,528,573,21.1,6.8,0.327,0.791,0.189,79,0,0.269,0.424,0.339,0.323,0.322,0.155,0.006,0.04,0.016,73.2,34,17.7,13.4,34.4,25.9,7.4,22,7.4,3.5,57.9,27.2,89.7,7.6,33.2,7.8,6.6,23.9,19.3,36.6,5.6,44.9,100.8329696,94.83107341,66.1,17.3,31.9,47,53,50.4,77.4,7.8,210,1213,513,2103,82.7,49.6,41.2,27.1,48.8,33.2,42.7,24.1,65,48,24.4,23.9,3.7
Jackson Chourio,111,694192,2025,21,549,589,20.5,5.1,0.308,0.771,0.193,78,1,0.26,0.442,0.328,0.319,0.3,0.182,0.01,0.021,0.009,73.9,39.9,18.7,14.3,34.3,26.3,7.5,22,7.1,1.5,57.5,26.4,89.3,10.6,34,9.7,6.7,20.5,25.7,30.8,6.7,42.3,101.1563496,94.87581341,70.4,16.1,36.9,44.3,55.7,51,79.6,7.4,195,1232,494,2108,83.9,49,42.3,26,53.4,34.3,38.4,27.4,69.6,42.8,25.7,24.1,7.4
Jarren Duran,111,680776,2024,27,671,735,21.8,7.3,0.342,0.834,0.207,75,1,0.271,0.448,0.357,0.338,0.33,0.177,0.014,0.044,0.019,73.6,36.2,17.7,13.7,30,23.2,7.6,21,3.9,3.2,36.2,29.4,90.8,9.5,33.8,9.3,6.2,25.4,20.4,35.7,2.7,43.9,101.9281555,95.34111321,68.2,15.7,28.1,47.1,52.9,49.7,78.5,7.2,347,1701,624,2844,84.3,50.3,42.7,24.8,48.3,29.9,40,30.1,58.7,46.8,21,25.6,6.6
Jarren Duran,111,680776,2025,28,620,696,24.3,8.6,0.332,0.774,0.186,84,0,0.258,0.42,0.335,0.333,0.336,0.163,-0.002,0.022,0.002,74.8,47.5,19.4,14.2,32,23.4,7.5,21,5.6,0.2,44.5,26.6,91.8,12,34.5,9.7,7.9,23.3,25.3,31,2.6,46.8,103.1583892,96.0558783,64.1,16.4,31.1,54.5,45.5,51.4,68.7,7.5,396,1463,612,2624,83.6,48.6,44,29.3,47.2,35.4,38.5,26.2,58.3,41.5,25.1,25.5,7.9
Gavin Sheets,111,657757,2025,29,492,545,19.6,8.1,0.317,0.746,0.177,71,0,0.272,0.463,0.323,0.347,0.338,0.192,-0.02,-0.034,-0.024,74.8,51.9,17.6,14.1,31.3,25,7.7,20,8.4,-7.5,53.9,27.5,89.9,14,38.8,9.5,7.7,24.2,26,27.8,4.4,46.5,101.1991577,94.95572985,59.6,14.8,31.4,36.9,63.1,52.7,64.8,7,405,1069,652,2279,85.2,47.3,44.4,23,44.7,42.2,33.9,23.9,58.3,37.3,24.4,29,9.3
Nico Hoerner,109,663538,2024,27,582,641,10.3,6.9,0.335,0.708,0.1,48,2,0.28,0.353,0.313,0.313,0.344,0.073,-0.007,0.02,0,68.2,2.8,7.2,6.4,35.4,31.7,7.1,11,4.9,-1.4,43.7,32.7,85.7,10.4,36,1.2,2.1,31,26,35.3,4.2,27.6,95.98092653,91.99396585,63.7,6.9,31.8,22.5,77.5,48.3,71.3,7.4,209,1373,532,2314,93.1,51.7,43.6,11.9,48.4,33.3,37.4,29.3,64.9,43.9,19.5,29.9,6.7
Nico Hoerner,109,663538,2025,28,599,649,7.6,6,0.345,0.739,0.097,61,0,0.298,0.398,0.324,0.327,0.347,0.1,-0.001,-0.004,-0.003,68.5,2.6,9.7,8.8,40,36.4,7.2,16,5.9,-1.9,47.9,33.3,86.7,12.5,36.1,2.3,4.5,29.8,24.7,34.5,3.6,30.3,96.70441855,92.41427463,63.4,5.1,32.5,24.5,75.5,47.4,70.7,9.3,188,1314,610,2305,94.9,52.6,42.7,11.2,48.8,37,37.2,25.8,60.6,44.9,23.8,25.5,5.8
Pete Crow-Armstrong,109,691718,2025,23,591,647,24,4.5,0.287,0.768,0.234,95,0,0.255,0.496,0.323,0.334,0.296,0.242,-0.008,-0.015,-0.011,72.7,28.5,14.7,10.8,30.1,22.2,7.2,24,14.6,-3.5,50.2,34.9,89.5,20,33.9,13,6.2,18.7,33.3,22,6.2,41.6,100.6765979,94.60979037,81.2,18,41.7,47.3,52.7,53.5,86.2,7.2,376,1155,589,2312,82,46.5,40.8,28.9,60.1,48.9,30.4,20.7,68.6,33.5,35.5,21.6,9.5
Nolan Schanuel,109,694384,2024,22,519,607,17,11.2,0.343,0.705,0.112,54,0,0.254,0.355,0.315,0.318,0.348,0.101,-0.004,0.007,-0.003,65.2,2.6,5.6,4.9,36.6,31.8,6.6,13,9.1,1,46.4,39.2,86.1,10.3,36.4,3.5,4,30.8,24.2,33.3,3.8,25.4,95.30519133,91.66260699,62.1,10,21.5,27.3,72.7,50,72.4,7.9,328,1412,467,2356,90,50,42.5,14.4,41.8,39.2,37.8,23,62.4,46.2,22.5,27.7,3.5
Nolan Schanuel,109,694384,2025,23,488,564,12.6,10.5,0.353,0.742,0.125,53,2,0.269,0.398,0.327,0.333,0.358,0.129,-0.005,-0.009,-0.006,67.5,6.1,9.4,8,37.9,32.4,6.7,13,8.6,-1,46.2,38.5,87.5,13.2,38,4.5,5.2,26.9,26.9,32.8,3.8,29,96.61346119,92.3621657,65.4,9,24,32.1,67.9,48.7,80.4,7.8,324,1261,437,2151,91,51.3,43.3,15,45.2,38.7,38,23.3,57.2,42.9,25,26.9,5.2
Elly De La Cruz,109,682829,2024,22,618,696,31.3,9.9,0.339,0.81,0.212,76,0,0.24,0.428,0.349,0.328,0.322,0.188,0.019,0.043,0.021,75.2,53.9,19,13.2,31.7,22.1,7.3,31,9.6,0.5,52.8,35.2,91.8,9.7,35.7,12.7,6.2,22.8,21.1,33,3.7,45.7,102.955354,95.90272362,61.7,23.2,26.9,54.2,45.8,52.7,76.5,6.7,515,1445,601,2751,76.8,47.3,41.2,33.4,43.4,43.4,34,22.6,62.1,47.1,24.8,24.8,3.2
Elly De La Cruz,109,682829,2025,23,629,699,25.9,9.6,0.336,0.776,0.176,86,0,0.26,0.436,0.333,0.33,0.333,0.177,0.004,0.004,0.003,74.5,45,20.4,14.1,34.4,23.8,7.2,32,8.3,-0.3,49.5,33.7,91,7.6,32.5,10.2,4.9,24.1,18.9,38.3,3.1,44.2,102.2911767,95.4641937,64.1,21.5,28.5,53,47,51.9,75.3,6.9,616,1254,645,2678,78.5,48.1,41.5,31.7,45.7,36.5,37.2,26.3,63,51.2,20.9,22.7,5.1
Willy Adames,108,642715,2024,28,610,688,25.1,10.8,0.331,0.793,0.211,112,1,0.243,0.461,0.342,0.339,0.324,0.218,0.008,0.001,0.003,73.6,33.2,13.5,9.8,29,21.1,8.1,9,15.5,-0.8,58.5,33.7,88.6,20.6,38.2,12,8.6,21.4,31.6,21.8,4.5,40.7,99.76963905,94.10875914,71.2,21.1,28.1,50.5,49.5,50.5,82.7,7.2,270,1645,619,2733,78.9,49.5,42.6,29.5,49.5,43.9,33.9,22.3,59.9,30.9,36.4,22.7,10
Willy Adames,108,642715,2025,29,591,686,26.1,11.7,0.318,0.739,0.196,87,1,0.235,0.452,0.321,0.338,0.329,0.217,-0.01,-0.031,-0.017,72.1,19.8,11.8,8.7,29.2,21.4,8.1,14,18.4,-3.9,50.3,35.3,88.9,21.1,35.6,12.6,6.9,23.8,32.8,19.7,3.8,42.8,99.89778648,94.18327716,67.9,18.8,26.7,54,46,51.5,77.4,7,296,1599,667,2797,81.2,48.5,42.5,29.2,46.7,44.2,31.8,24,59.2,31.8,36.3,22.3,9.5
Josh Bell,107,605137,2024,31,538,603,19.9,8.5,0.319,0.724,0.156,71,1,0.235,0.391,0.317,0.307,0.307,0.157,0.014,0.014,0.01,70.4,15,15.4,11.6,36.1,27.3,7.9,15,9.2,1.3,53.5,35.1,88.9,10.5,31.4,7.6,6.2,21.4,22.6,37.3,4.3,40.1,100.0787113,94.16958744,73.4,18.8,27.4,45.6,54.4,53.4,82.7,6.2,505,1237,388,2238,81.2,46.6,43.8,26.8,48.8,41.3,31.8,26.8,59,49.6,23.5,21.1,5.7
Josh Bell,107,605137,2025,32,468,533,16.5,10.7,0.325,0.742,0.18,63,0,0.27,0.497,0.324,0.37,0.357,0.227,-0.033,-0.08,-0.046,73.1,34.9,18.6,14.6,34.4,27,8,12,10.1,-2.9,58,33.7,90.4,10.4,33.4,12,7.8,20.6,22.2,31.1,5.2,47,102.5498565,95.68267797,68.9,16.2,26.8,41,59,52.1,77.3,7.1,473,1084,432,2102,83.8,47.9,43.7,23.6,47,41.5,31.9,26.6,62.7,46,27.9,20.6,5.5
CJ Abrams,107,682928,2024,23,541,602,21.3,6.6,0.314,0.747,0.187,65,0,0.247,0.409,0.322,0.319,0.318,0.161,-0.001,0.024,0.003,72.2,23.9,13.5,10.4,31.9,24.7,7.5,32,12.4,-3,61.9,29,88.2,15.1,33,6.9,9.6,24.4,26.6,27.8,4.3,40.7,99.49647962,93.91019805,70.5,18.4,35.4,37.7,62.3,49.1,79.1,7.8,365,1129,594,2261,81.6,50.9,43.8,24.7,53.3,45.2,33,21.8,63,40.7,28,22.7,8.6
CJ Abrams,107,682928,2025,24,580,635,19.7,5.8,0.315,0.748,0.176,60,1,0.256,0.415,0.324,0.318,0.315,0.159,0.001,0.018,0.006,72.4,25.5,13.8,10.6,31.4,24.3,7.6,28,10.9,-3.8,59,27.3,88.7,13.3,34.4,7.6,7,22,28.3,32.2,2.8,39.2,99.52839035,93.86802513,67.4,17,32.6,40.8,59.2,48.3,78.4,7.4,273,1245,615,2320,83,51.7,42.7,24.4,50.6,43.8,34.6,21.6,59.9,40.1,28.1,23.7,8.1
Jung Hoo Lee,107,808982,2025,26,560,617,11.5,7.6,0.327,0.734,0.141,55,1,0.283,0.391,0.32,0.325,0.345,0.108,-0.017,0.016,-0.005,68.3,2.7,10.8,9.4,39.8,34.9,7.5,6,5.2,-4.6,40.9,39.4,87.1,9.9,34.1,3.7,3.9,27.8,24.7,36.1,3.7,32,97.15474906,92.63854399,64.5,8.5,22.5,28.1,71.9,47.1,71.3,8.9,322,1349,512,2351,91.5,52.9,42.3,13.1,44.7,40,34.7,25.4,60.9,47.5,24.9,23.9,3.7
Heliot Ramos,106,671218,2024,24,475,518,26.1,7.1,0.322,0.791,0.2,72,0,0.25,0.481,0.339,0.338,0.307,0.23,0.019,-0.012,0.001,75.2,55.2,18.3,13.7,29.8,22.3,6.9,28,8.5,3.4,46.7,32.9,91.5,10.4,34.3,14.5,5.5,18.9,22.1,34,4.1,47.5,102.6207429,95.89595672,72.3,18.3,29.9,51.9,48.1,51.8,83.1,7.1,187,1187,483,2011,81.7,48.2,40.1,28.7,50.3,30.2,41,28.8,61.2,43.3,27,24.4,5.2
Heliot Ramos,106,671218,2025,25,620,695,22.7,7.5,0.328,0.728,0.144,69,0,0.254,0.43,0.319,0.329,0.328,0.176,0.002,-0.03,-0.01,74,44.7,18.2,13.9,32.7,25,6.8,24,6,1.5,47.2,31.5,91.8,11.5,32.5,8.8,7.9,22.4,25,32.7,2.4,47.4,102.5157559,95.75232308,66.2,15.6,29.7,46.4,53.6,50.6,73.5,8.5,256,1555,612,2653,84.4,49.4,41.2,25.3,47.8,33.1,42.5,24.4,61.6,44.4,25.4,24.4,5.8
Carlos Correa,106,621043,2025,30,537,584,19.3,7.7,0.332,0.734,0.126,52,0,0.287,0.449,0.322,0.345,0.343,0.163,-0.011,-0.047,-0.023,73.8,37.8,18.3,14.5,31.4,24.9,7.2,15,7.7,-1.5,41.7,33.1,90.5,7.3,34.6,6.8,6.4,27.5,18.8,36.5,3.3,45.9,102.3389023,95.56824559,64.4,14.1,28.8,40.2,59.8,50.5,72.7,8.6,267,1356,538,2311,85.9,49.5,42.3,22.3,46.4,34.4,37.6,28,64.6,48.2,18.8,27.5,5.4
Mike Yastrzemski,106,573262,2025,34,477,558,19.4,12.9,0.333,0.736,0.17,46,1,0.246,0.429,0.321,0.336,0.345,0.183,-0.013,-0.026,-0.015,71.2,9.6,13.8,11.5,34.6,28.9,7.5,15,11,-2.9,66.7,30.5,90.8,20.4,35.6,8.5,9,22.6,33.5,22.1,3.7,42.6,99.91934754,94.45965532,61.2,14.1,22,32.8,67.2,49.4,67.6,7.5,303,1392,477,2305,85.9,50.6,42.8,19,41.8,39.4,34.6,26.1,55.5,32.7,33.5,24.5,9.3
Caleb Durbin,105,702332,2025,25,445,506,9.9,5.9,0.334,0.721,0.131,53,3,0.26,0.369,0.319,0.316,0.338,0.109,-0.004,0.018,0.003,67.9,1.9,7.9,7.2,37,33.4,6.8,21,8.1,-4,63.8,27.6,85.2,13.9,29.6,4,4.5,24.6,27.9,30.1,9,26.9,96.10090289,92.05425549,61.3,8.7,24.6,25.6,74.4,45.9,67.6,9.9,167,1054,444,1838,91.3,54.1,41.9,13,44.5,41.3,38.3,20.4,60.7,43.8,22.9,22.4,10.9
Alec Bohm,105,664761,2024,27,554,606,14.2,6.6,0.332,0.78,0.168,97,0,0.288,0.444,0.335,0.342,0.342,0.156,-0.008,0.004,-0.007,72.2,21.7,18.8,15.6,39.1,32.5,7.4,9,6.4,2.6,50.8,30.8,90.4,10.1,35.2,6.8,9.1,25.7,20.5,35.2,2.3,45.6,100.7682208,94.78166267,71.1,10.5,27.2,37.2,62.8,48.8,89,6.9,197,1277,460,2122,89.5,51.2,43.5,17.6,49.7,34.2,37.6,28.3,60.9,46.4,23.4,25.7,4.4
Alec Bohm,105,664761,2025,28,464,504,16.3,5.8,0.331,0.74,0.122,59,0,0.284,0.426,0.322,0.332,0.333,0.143,0.003,-0.017,-0.01,71.7,18.2,17.3,14.9,37.5,32.5,7.3,11,5.4,4.5,47,29.7,90.8,6.8,35.6,6.2,5.2,29.6,19.1,37.9,1.5,46.4,100.7076358,94.85239311,66.9,9.7,26.3,29.4,70.6,46,84.8,8.8,171,983,489,1801,90.3,54,43.9,14.6,48.2,27.3,47.4,25.3,61.9,49.7,20.9,27.3,2.1
Luis Arraez,104,650333,2024,27,637,672,4.3,3.6,0.346,0.738,0.078,46,1,0.31,0.4,0.323,0.325,0.343,0.09,0.004,-0.008,-0.002,63.1,0.2,4.7,4.4,46,43.3,6,8,7.6,4.2,44.6,38.3,86.3,13.7,40.9,1.6,3.8,32.6,26.8,31.3,3.9,23.7,94.83800036,91.44962446,63,4.7,35.3,11.3,88.7,47.8,72,7.5,269,1554,446,2416,95.3,52.2,44.2,6.9,49.8,31.6,37.6,30.8,61.3,42.2,25.2,27.7,4.9
Luis Arraez,104,650333,2025,28,620,675,3.1,5,0.327,0.719,0.1,61,0,0.289,0.364,0.313,0.303,0.326,0.076,0.003,0.028,0.01,62.6,0.4,2.2,2.1,45,42.6,5.9,8,5.6,4.6,40.2,37.4,86.1,12.2,37.1,1.1,1.9,27.5,30.4,33.7,4.7,16.7,93.59025906,90.80070132,62.7,4.2,34.1,7.7,92.3,46.4,69.4,9,230,1613,465,2467,95.8,53.6,41.9,5.3,49.4,29.4,32.4,38.2,62.4,45.1,22.5,28,4.4
Xander Bogaerts,104,593428,2025,32,491,552,17,8.7,0.328,0.719,0.128,53,0,0.277,0.425,0.313,0.335,0.345,0.148,-0.014,-0.034,-0.022,72.2,26,15.7,12.6,36.3,29,7.3,16,10.2,-6.9,52.5,31,89,11.1,36.7,6.9,7.1,29.1,21.7,30.8,3.7,39.2,100.1946924,94.23531376,58.8,14.5,23.6,39.3,60.7,48.2,63.8,7.2,270,1166,482,2100,85.5,51.8,41.7,21.3,41.9,42.4,37.4,20.2,60.5,43.8,23.2,26.8,6.2
Mookie Betts,104,605141,2024,31,450,516,11,11.8,0.372,0.863,0.202,75,1,0.282,0.447,0.371,0.356,0.368,0.165,0.007,0.044,0.015,69,9.6,11.8,10.3,42.5,37.3,6.9,19,8.9,-4.2,52.8,34,89.9,21.4,39.3,6,10.1,28.2,35,19.1,1.5,39.5,98.50877402,93.5752571,60.8,6.1,21.1,38.7,61.3,51.4,76.1,6.9,228,1214,436,2047,93.9,48.6,43.3,14.9,40.4,34.3,41.6,24.2,61,27.2,35.3,29,8.6
Mookie Betts,104,605141,2025,32,589,663,10.3,9.2,0.326,0.732,0.148,82,1,0.276,0.435,0.318,0.338,0.344,0.159,-0.018,-0.029,-0.02,69,8,13.4,11.7,47.1,41.3,7,30,9.2,-5.5,55.8,34.6,89.1,18,37.7,5.5,7.2,26.9,33.7,24.9,1.9,35.8,98.06934571,93.26270993,59.9,7.6,21.6,37.7,62.3,48.9,75.7,8.2,246,1458,562,2460,92.4,51.1,43.1,15.3,41.2,42.9,35.6,21.5,59.3,32.8,34.5,26.7,6
Paul Goldschmidt,103,502671,2024,36,599,654,26.5,7.2,0.302,0.716,0.169,65,1,0.255,0.45,0.31,0.329,0.311,0.195,-0.01,-0.036,-0.019,72.5,24.3,18,13.3,33.4,24.8,7.8,10,11,2,53.3,32,91.2,13.1,34.3,10.7,8.9,26.6,22,29,2.3,49.6,101.8925837,95.66642815,65.1,22.1,29.5,39.7,60.3,49,71.5,8.9,321,1510,617,2719,77.9,51,43.8,27.4,47.7,39,34.6,26.4,64,43.7,26.9,23.8,5.6
Paul Goldschmidt,103,502671,2025,37,489,534,18.7,6.7,0.328,0.731,0.129,45,0,0.273,0.455,0.316,0.334,0.327,0.182,0.001,-0.052,-0.018,72.6,21.9,15.7,12.8,34.1,27.7,7.6,9,9.7,2.4,51.5,31.9,90.4,15.9,36.1,7.9,7.7,26.3,27.1,28.4,2,43.7,100.7083163,94.74862591,66.3,16.4,27.3,31.6,68.4,47.6,70.7,9,258,1174,461,2092,83.6,52.4,40.7,20.5,47.8,37.1,32.5,30.4,64.7,38.9,29.7,25.8,5.6
Trevor Larnach,102,663616,2025,28,503,567,21.5,9.3,0.323,0.727,0.154,60,0,0.253,0.407,0.317,0.32,0.327,0.154,-0.003,-0.003,-0.003,72.2,23.3,16.7,12,37.9,27.1,7.3,19,8.3,-10.6,41,34.1,90.9,10.9,34.9,7.2,4.9,27.1,24.5,33.3,2.8,45.7,101.3515784,95.13498403,62.2,16.1,27.5,59.6,40.4,50.9,68.2,7.8,383,1153,533,2191,83.9,49.1,42.5,29.8,44.5,40.1,36.4,23.5,56.9,43.7,25.8,25.8,4.7
Teoscar Hernández,102,606192,2024,31,589,652,28.8,8.1,0.339,0.84,0.229,99,2,0.25,0.486,0.36,0.346,0.32,0.236,0.022,0.015,0.014,73.2,31.7,18.5,12.5,29.6,19.9,7.8,29,9.1,0.9,51.5,32.7,90.6,10.3,33.8,14.9,7.5,20.4,20.4,33.1,3.5,46.8,102.7273954,95.68911656,74.7,25,28.7,56.4,43.6,51.2,81.1,7.9,247,1408,712,2608,75,48.8,41.5,34,51.2,33.8,38.1,28.1,64.7,46.5,26.6,22.1,4.7
Teoscar Hernández,102,606192,2025,32,511,546,24.5,4.8,0.284,0.738,0.207,89,0,0.259,0.461,0.315,0.331,0.3,0.202,-0.012,-0.007,-0.016,73,31.2,18.5,12.9,34.9,24.3,7.8,26,10.3,-0.1,54.6,31.9,90.2,9.9,34,11.5,8.4,20.9,20.9,35.3,2.9,46.1,101.7528878,95.14419521,68.5,22.8,30,55.5,44.5,47,77.8,8.8,240,1133,558,2139,77.2,53,43.4,31.9,50.4,35.9,37.7,26.4,62.8,45.3,27.7,23,3.9
Gavin Lux,102,666158,2025,27,446,503,22.7,11.1,0.35,0.724,0.105,53,1,0.248,0.34,0.322,0.302,0.331,0.092,0.021,0.034,0.02,69.6,5.1,12,9.8,34.5,28,7.4,32,11.3,2.5,45.4,33.3,88.3,9.6,38.1,3.6,6.6,30.3,21.9,34.8,2.7,36.9,97.79903347,93.01029568,65.1,13.8,19.4,48.5,51.5,49.1,80.9,6.6,314,1066,544,2052,86.2,50.9,41.2,21.6,42.7,39,40.5,20.4,63.2,47.1,22.5,27.6,2.7
Trevor Story,101,596115,2025,32,612,654,26.9,5,0.308,0.741,0.17,96,2,0.256,0.428,0.32,0.317,0.302,0.172,0.007,0.005,0.003,71.1,14.2,16.4,11.6,31.2,22,7.4,20,10.5,-4.5,46.2,29.4,91.4,14.2,32.6,9.8,7.5,25.6,25.6,27.6,2.7,47,102.41894,95.64341931,72.3,17.9,35.3,54.3,45.7,48.4,78.9,8.5,265,1324,628,2472,82.1,51.6,41.5,29.3,54.4,37.4,34.7,27.9,64.2,43.6,27.4,20.5,8.4
Miguel Vargas,101,678246,2025,25,504,569,17.6,9.8,0.316,0.717,0.167,60,1,0.247,0.417,0.314,0.327,0.329,0.17,-0.013,-0.016,-0.013,70.6,11.7,13.2,10.9,36,29.6,7.6,17,11.9,-3,64.6,35.4,89.7,22.5,36.6,9.3,7.6,22.4,37.3,20.6,2.7,40.5,99.51020578,94.09580076,69.3,16.2,21.6,35.5,64.5,48.3,85.3,8.5,193,1426,508,2323,83.8,51.7,44.6,20.6,46.2,40.5,36.1,23.3,61,29,35.1,25.3,10.6
Josh Smith,100,669701,2024,26,523,592,20.4,7.8,0.337,0.731,0.136,62,1,0.242,0.352,0.323,0.304,0.324,0.11,0.016,0.042,0.019,70.2,6.8,11.8,9.2,35.7,27.9,6.8,10,13.1,-5.1,44.9,37.5,87.8,15.4,33.7,3.7,5.7,27.3,30.7,26.5,6.1,37.1,98.30699771,93.25999596,66.9,14.9,25.9,40.9,59.1,48.3,77.1,8.1,394,1334,488,2327,85.1,51.7,43.7,21.8,47.1,43.7,35.9,20.4,65,39.6,29,25.3,6.1
Josh Smith,100,669701,2025,27,495,563,17.8,9.8,0.335,0.701,0.115,35,0,0.257,0.38,0.311,0.319,0.34,0.124,-0.006,-0.014,-0.008,69.1,3.7,10.5,8.4,33.9,27.3,6.7,13,8.6,-1.9,43.1,36.5,87.2,12.7,33.8,5,4,27.1,27.1,31.8,4.8,31.1,97.37949959,92.71393265,63.1,12.3,25.7,39.7,60.3,47,72.4,8.4,366,1283,475,2287,87.7,53,43.9,19.6,45.5,36.3,37.3,26.3,61.5,44.6,24.1,24.6,6.8
Bryson Stott,100,681082,2024,26,506,571,16.3,9.3,0.315,0.671,0.111,57,0,0.254,0.363,0.296,0.306,0.325,0.109,-0.009,-0.007,-0.01,68.2,1.9,8.8,7.6,35.2,30.2,7.1,22,6.5,2.2,47.4,31.9,87,14,35.3,3.6,5.2,27.3,30.3,30.6,2.8,30.8,97.14926614,92.63103883,59.6,13.3,28.3,25,75,49.5,66.3,8,351,1376,439,2307,86.7,50.5,43.3,17,44.1,32.2,37.2,30.6,63.2,43.1,25.8,23.7,7.3
Bryson Stott,100,681082,2025,27,499,560,16.3,9.6,0.328,0.719,0.134,66,0,0.252,0.4,0.315,0.318,0.325,0.148,0.005,-0.009,-0.003,69.4,5.7,10.5,9,33.5,28.5,7.2,11,7.5,2,51.6,32.8,87.6,14.9,36,5.1,6.8,21.5,31.2,30.9,4.6,29.5,97.62570298,92.87335844,55.6,12.7,23.3,27.2,72.8,47.2,54.3,8,338,1520,493,2466,87.3,52.8,43.9,16.7,40.4,29.2,40.3,30.4,58.6,41.1,29.2,23.7,6
Lenyn Sosa,100,672820,2025,25,518,544,23.3,3.3,0.293,0.727,0.17,75,0,0.275,0.484,0.313,0.338,0.304,0.209,-0.011,-0.05,-0.025,72.6,26.3,16.2,12.7,34.4,26.9,7.4,9,10.5,0.5,55.4,32.6,90.7,18.4,39.2,10.4,6.8,27.1,28.9,24.1,2.3,43.8,100.9146683,94.87069077,61.5,14,40.9,37.2,62.8,50.8,60.4,7.5,222,1164,500,2056,86,49.2,43.8,23.5,51,36.2,38,25.8,62.5,32.2,29.6,29.1,9.1
Dansby Swanson,99,621020,2024,30,534,593,24.3,9.1,0.312,0.702,0.148,66,0,0.244,0.416,0.307,0.321,0.316,0.172,-0.002,-0.026,-0.014,71.7,12.8,15.4,11.3,33.4,24.4,7.4,22,14.8,0.2,55.9,35.2,89.4,10.4,32.6,9.2,7.9,22.4,21.1,36.1,3.3,42.7,100.2102637,94.40402453,71,22.7,24,48.7,51.3,47.3,88.7,8.2,274,1236,620,2355,77.3,52.7,43.9,28.7,48.7,43.3,36.1,20.6,62.2,49.9,23.2,21.6,5.3
Dansby Swanson,99,621020,2025,31,590,645,26,7.3,0.3,0.717,0.173,77,0,0.276,0.497,0.31,0.355,0.331,0.221,-0.032,-0.08,-0.045,70.9,5.6,16.9,12.2,35.6,25.7,7.4,29,15.7,-1.5,59.4,34.6,90.5,13.3,36.9,11.7,7.7,27.6,20.8,28.7,3.3,47.8,101.168223,95.03177142,73.7,22.5,25.2,55.7,44.3,48.3,82.1,8.2,300,1225,744,2521,77.5,51.7,42.8,30.5,50.3,42.3,40,17.8,61.6,42.3,27.3,24.5,5.8
Bryan Reynolds,99,668804,2024,29,622,692,22.5,8.2,0.344,0.791,0.172,88,0,0.27,0.463,0.343,0.35,0.342,0.193,0.005,-0.016,-0.007,71.6,17.1,17.4,12.7,36.6,26.7,6.8,31,12.7,0.4,46.5,38,89.9,9.4,37.5,9.6,7.2,25.8,21.1,30.9,4.9,45.4,100.9872093,94.86754248,74,18.7,30.2,52,48,53.8,86.2,6.4,552,1327,586,2604,81.3,46.2,43.6,29.4,50.4,35.2,37.5,27.3,62.8,46.1,26.7,24.9,2.3
Bryan Reynolds,99,668804,2025,30,587,654,26.5,8.7,0.318,0.72,0.157,73,0,0.271,0.466,0.315,0.349,0.342,0.196,-0.026,-0.064,-0.034,72.2,22.8,16.4,12,32.9,24.1,6.9,45,13,1.1,47,37.9,91.2,7.3,38.4,10.1,9.1,27.1,16.8,35,1.7,46,101.9325352,95.46581789,73.4,19.5,26,57.1,42.9,50.2,83.8,8,540,1254,673,2631,80.5,49.8,45.6,29.4,49.6,41.2,34.8,24,64.8,47.2,23.5,28.3,1
Steven Kwan,99,680757,2024,26,480,540,9.4,9.8,0.368,0.793,0.133,44,0,0.284,0.385,0.349,0.333,0.361,0.101,0.008,0.04,0.016,64.4,0.4,6.3,5.8,41.7,38.6,6.5,6,3.6,-2.9,36.6,35.8,86.3,14.9,38.5,2.6,5.3,27.8,31.8,28.1,4.4,23.7,95.04543782,91.53163936,57.6,4.3,19.2,20.4,79.6,48.3,67.8,8.4,304,1316,421,2165,95.7,51.7,43.4,8.2,39.1,30.4,37.6,32,58.9,37.4,28.3,27.8,6.5
Steven Kwan,99,680757,2025,27,625,693,8.7,7.9,0.33,0.704,0.102,56,1,0.279,0.371,0.31,0.313,0.339,0.093,-0.007,0.003,-0.003,63.7,0.8,4.1,3.8,42.5,39.3,6.3,16,3.2,-2.5,35.3,35.6,86.2,15.6,39.7,1.9,3.7,28.5,31.7,29.6,4.7,19.3,94.35779432,91.18563111,58.8,3.9,22.7,23,77,46.8,68.8,8.5,394,1701,509,2786,96.1,53.2,42.9,8.7,41.9,29.7,38.8,31.5,59,39.1,26.1,29,5.7
Christian Walker,99,572233,2024,33,479,552,24.1,10,0.335,0.803,0.217,84,1,0.246,0.457,0.343,0.351,0.339,0.211,0.005,0.011,-0.008,75,52.7,15.8,12.2,26.1,20.2,7.5,32,8.7,-3.7,46.9,30.3,91.2,16.6,35,13.3,7.1,23.2,28,25.1,3.1,48,103.1279695,96.01110252,73.1,17.5,24.3,48.8,51.2,51.4,78,7.9,272,1274,562,2315,82.5,48.6,41.6,25.6,48,41,34.7,24.3,57.4,37.9,31.9,22.3,7.9
Christian Walker,99,572233,2025,34,585,640,27.7,6.3,0.297,0.718,0.183,88,1,0.243,0.444,0.31,0.322,0.303,0.201,-0.005,-0.023,-0.012,74.1,41.8,16.4,11.9,28.9,21,7.5,55,9.1,-4.7,51.3,29.4,90.9,16.9,34.5,12.9,5.3,22.1,29.6,26.5,3.6,46.1,102.499786,95.66855816,75.8,21.3,28.1,56.2,43.8,49.4,84.2,7,242,1484,606,2513,78.7,50.6,43.5,30.5,52.2,42.2,35.2,22.6,61.3,37.4,29.4,24.3,9
Ernie Clement,98,676391,2025,29,545,588,10.4,4.6,0.313,0.711,0.121,50,1,0.264,0.364,0.308,0.292,0.303,0.1,0.013,0.034,0.016,67.6,2.4,9.3,8.2,41.6,36.9,7,30,11.5,-3.1,59.3,32.2,86.6,17.9,37.1,2.4,5,27,35.7,24.8,4.8,26,95.99897037,92.03738945,72,7,36.4,28.7,71.3,51.1,76,8,234,985,450,1871,93,48.9,41.3,14.5,53.8,40.1,36.5,23.4,64.1,34.7,28.6,27.6,9.1
Spencer Steer,97,668715,2024,26,574,656,20.9,11,0.319,0.721,0.177,92,0,0.235,0.379,0.316,0.315,0.328,0.144,-0.01,0.023,0.001,71.6,13.6,12.7,10,32.5,25.6,7.4,21,9.3,-5.6,53.1,28.7,88,17.4,34.2,6.4,7.7,23.7,29.2,27.3,5.5,39.9,99.16343425,93.70875549,64.8,13.4,24.8,47.9,52.1,50.8,75.4,7.3,230,1598,569,2621,86.6,49.2,43.2,23.1,44.5,42.8,32.6,24.6,60.5,37.8,29.4,23,9.8
Spencer Steer,97,668715,2025,27,509,568,22.7,9,0.312,0.723,0.173,75,0,0.226,0.373,0.316,0.3,0.304,0.148,0.012,0.038,0.016,70.9,7.1,10,7.6,30.1,22.9,7.4,18,12.4,-4.1,58,28.3,87.3,18.8,34.2,7.6,6,25.3,32.4,23.5,4.4,33.2,97.84339196,93.00049706,67.5,18.4,24.8,46.6,53.4,45.7,76,9.4,176,1394,569,2316,81.6,54.3,43.3,25,48,45.4,33.4,21.1,65.3,35.2,30.3,23.8,10.7
Lars Nootbaar,96,663457,2025,27,509,583,20.4,11,0.325,0.686,0.127,48,0,0.241,0.407,0.304,0.324,0.332,0.165,-0.007,-0.046,-0.02,73.4,37.8,19.4,15.6,36,29,6.9,20,9.2,-3.1,55.4,28,91.3,16.5,33,10.2,7.4,20.6,30.2,28.4,3.3,50,101.9388184,95.52029038,56,13,22,41.7,58.3,48.9,66.5,8,356,1287,556,2359,87,51.1,43.5,20.9,39.4,33.8,39.3,26.9,55.9,37.8,26.1,25.4,10.7
Jackson Holliday,96,702616,2025,21,586,649,21.6,8.6,0.314,0.689,0.133,55,1,0.251,0.416,0.304,0.322,0.323,0.164,-0.009,-0.041,-0.018,70.6,10.7,15,11.6,35.1,27.2,6.9,21,8.3,5.6,52.8,31.9,88.8,8.9,32.4,7.8,6.5,24.2,22.1,35.1,3.8,40.8,99.64293523,94.03038741,68.3,18.4,22.3,46.4,53.6,46.3,79,8.6,425,1373,486,2450,81.6,53.7,43.5,24.5,47.1,33.8,39.8,26.4,62.8,49,25.1,21.9,4
Lawrence Butler,96,671732,2025,24,569,630,28.4,9.4,0.306,0.71,0.17,63,1,0.237,0.404,0.31,0.312,0.309,0.167,-0.003,0,-0.002,73.8,39.3,17.6,12.1,30.5,21,7.1,26,6.8,1.7,44.2,30.4,90.5,9.2,34.4,9.2,6.9,22.7,22.7,32.9,5.6,44.4,102.1471765,95.44289129,67.9,23.7,26.1,56.8,43.2,50,80.1,6.8,538,1315,515,2517,76.3,50,45.2,32.9,47,33.7,37.2,29.1,58.6,46.7,22.7,25.5,5.1
Xavier Edwards,95,669364,2025,25,561,619,14.2,7.9,0.343,0.696,0.07,43,0,0.265,0.334,0.308,0.296,0.328,0.069,0.018,0.019,0.012,66.9,2.4,6.7,6,35.7,31.5,6.4,11,2.7,2.4,34.2,31.1,86.8,8.2,33.6,0.8,3.3,30.3,23.2,34.9,6.9,29.4,96.76842456,92.42499105,69.1,8.2,26.8,23.4,76.6,47.5,86.8,8.4,395,1365,379,2250,91.8,52.5,42.7,12.2,49,28.8,40.7,30.5,62.7,49.3,20.3,26.3,4.2
Salvador Perez,95,521692,2024,34,590,652,19.8,6.7,0.33,0.786,0.185,104,1,0.275,0.522,0.335,0.36,0.334,0.248,-0.004,-0.066,-0.025,73.2,33.4,17.6,13.1,33.6,24.9,7.9,15,13.8,-6.9,53.7,34.8,91.1,19,39.4,12.2,6.6,23.1,31.5,23.3,2.6,44.8,101.8562756,95.34185737,77.3,18.3,42.9,41,59,56.6,81.7,5.7,279,1119,608,2301,81.7,43.4,40.6,27.8,57.8,46.7,30,23.3,65.7,33.8,33.8,24.4,7.9
Salvador Perez,95,521692,2025,35,597,641,19.5,4.4,0.284,0.73,0.21,100,1,0.279,0.543,0.311,0.365,0.323,0.265,-0.043,-0.097,-0.054,72.9,30.5,17.7,13.2,32.7,24.5,7.9,22,12.4,-5.4,56.2,34.2,90,18.1,35.7,14.8,7.4,20.9,27.5,26,3.4,46.7,102.0659079,95.31835801,74.8,17.3,42.4,41.6,58.4,53.6,75,7.6,275,1148,572,2267,82.7,46.4,41,26.9,57.4,45.9,33.2,20.9,65.7,35.1,32.6,23.3,9.1
Andrew McCutchen,95,457705,2024,37,448,515,25.8,11.3,0.328,0.739,0.179,50,0,0.224,0.418,0.325,0.325,0.321,0.194,0.008,-0.007,0,72.7,25.3,14.9,11.1,31.2,23.2,7.6,11,12.7,-0.2,56.4,33.4,88.5,14.3,31.9,12,5.7,19.2,26.8,32.8,3.5,36.9,99.42496289,93.83112309,65.6,22.3,17.2,55.2,44.8,48.7,80.2,8.2,205,1231,547,2163,77.7,51.3,44,28.9,42,39.4,41,19.6,62.9,41.6,29.3,20.8,8.2
Andrew McCutchen,95,457705,2025,38,477,551,21.4,12.2,0.333,0.7,0.128,57,0,0.267,0.429,0.309,0.342,0.358,0.162,-0.028,-0.062,-0.033,71.1,12.1,14.1,10.7,31.4,23.8,7.7,22,14.6,-0.8,53.2,34.5,89.5,14.5,34.5,8.3,6.6,28.5,23.5,29,3.3,42.5,100.1242433,94.32851457,69,19.5,20.7,50,50,48.6,87.9,6.9,212,1247,616,2267,80.5,51.4,43.7,26.2,45.6,46.7,33.1,20.2,58.3,42.3,27.1,22.7,8
Lourdes Gurriel Jr.,95,666971,2024,30,513,553,18.3,5.2,0.322,0.757,0.156,75,0,0.267,0.421,0.327,0.319,0.312,0.154,0.012,0.014,0.008,70.6,9.5,13.4,10.9,31.5,25.7,7.5,12,8.5,-4.1,48.3,35.8,88.4,15.7,33.8,6.7,7.2,25.7,28.8,28.3,3.4,40,99.54934847,93.92185029,69.5,11.8,32.9,37.7,62.3,50.3,77.8,7.3,256,1163,491,2083,88.2,49.7,41.7,20.2,51.1,40.5,31.9,27.6,64.3,38.1,27.1,26.1,8.6
Lourdes Gurriel Jr.,95,666971,2025,31,500,546,13.9,5.7,0.295,0.713,0.17,80,3,0.264,0.426,0.307,0.32,0.313,0.163,-0.016,-0.008,-0.013,70.6,9.6,12.9,10.6,35.2,28.9,7.5,16,10.5,-6,50.5,36.9,87.8,16.3,37.4,7.2,5.5,24.5,30.5,26.8,5.3,38.3,99.05875176,93.63056153,69.5,12.1,34.5,36.9,63.1,49.2,76.9,7.4,235,1102,501,1994,87.9,50.8,43.1,20.2,52.3,40.2,36,23.8,64.5,37.4,27.3,26.3,9
J.T. Realmuto,94,592663,2025,34,502,550,23.5,6.4,0.315,0.699,0.127,52,0,0.261,0.422,0.307,0.323,0.321,0.161,-0.004,-0.038,-0.016,72.1,26.3,15,11.6,30.5,23.4,7.5,16,12.5,1,52.7,34.2,90,11.1,36.7,8.8,6.1,26.9,22.9,32.7,2.7,45.5,101.2547216,94.89497524,65.6,14.6,32.3,43.2,56.8,50.9,71.1,7.6,292,1170,585,2196,85.4,49.1,41.5,24.3,48.6,38.8,35.6,25.5,57.5,44.7,23.7,25.8,5.9
Yainer Diaz,92,673237,2024,25,585,619,17.3,3.9,0.325,0.766,0.142,84,1,0.299,0.458,0.329,0.339,0.327,0.159,0,-0.017,-0.01,72.5,23.6,17.2,13.3,34.5,26.6,7.4,17,11.2,3.9,59.2,30.8,90.2,8.9,35,7.6,8.4,28.8,16,36.8,2.1,47.5,101.2970562,95.03435951,77.7,13.6,42.6,40.2,59.8,53.8,85.6,6.5,279,1070,574,2128,86.4,46.2,40.1,24,58.8,38.3,40.5,21.2,66.9,51.2,18.7,25.5,4.5
Yainer Diaz,92,673237,2025,26,542,567,16.8,3.5,0.284,0.701,0.161,70,1,0.279,0.488,0.3,0.34,0.307,0.21,-0.023,-0.071,-0.04,72.2,21.7,17.5,13.8,34.6,27.3,7.3,30,10.4,0.8,59.1,28.3,89.9,10.2,34.9,9.6,6.7,24.4,22,34,2.9,42.2,100.9774494,94.70683694,78.3,12.7,44.3,38.6,61.4,55.3,82.5,7.3,259,908,514,1871,87.3,44.7,39.3,23.4,59.5,36.7,40.2,23.1,69.7,46,23.3,24.9,5.8
Ceddanne Rafaela,91,678882,2024,23,544,571,26.4,2.6,0.274,0.664,0.144,75,0,0.229,0.368,0.286,0.273,0.259,0.139,0.017,0.022,0.013,70.1,6.8,11.5,7.9,30.5,20.9,7.5,24,14.1,-0.5,52.6,33.3,86.6,14.9,34.9,7.5,5,23.9,25.6,30.9,7,36.9,98.20503629,93.16664318,78.6,24.3,46.4,46.7,53.3,51.7,84.4,7.1,206,1105,556,2070,75.7,48.3,40.8,33,61.9,37.2,36.7,26.1,70.5,42.5,26.4,22.9,8.3
Ceddanne Rafaela,91,678882,2025,24,546,587,19.9,4.8,0.295,0.709,0.165,63,3,0.252,0.426,0.307,0.313,0.298,0.174,-0.003,-0.012,-0.006,71,12.4,14,10.4,32.7,24.3,7.5,20,11.6,-1.5,57.2,32.6,88.3,12.8,32.3,9.2,5.5,22.8,25.3,32,5.1,38.7,99.63703684,93.97214993,75.3,17.9,42.2,42.9,57.1,49.5,83.1,8.3,298,1116,534,2128,82.1,50.5,41,26.8,58.9,37.6,39.6,22.8,70.7,44,26,21.4,8.5
Masyn Winn,91,691026,2024,22,587,637,17.1,6.4,0.314,0.73,0.149,57,0,0.256,0.358,0.315,0.293,0.305,0.102,0.011,0.058,0.022,70.2,11.5,12,9.9,32.2,26.5,7.3,14,4.7,-1.9,39.8,28.4,87,13.2,33.5,3.7,6.4,25.7,28.2,30.2,5.6,32.7,98.14426845,93.0858704,62.7,13,30.4,32.2,67.8,48.5,70.5,8.5,251,1493,577,2558,87,51.5,42.3,19,47,32.7,37.2,30,62.1,41.2,24.3,26.5,8
Masyn Winn,91,691026,2025,23,491,537,19,6.3,0.31,0.673,0.11,51,0,0.245,0.352,0.297,0.29,0.303,0.108,0.008,0.011,0.007,71.1,17.3,11.7,9.5,31.2,25.4,7.5,9,5.5,-3.9,43.7,29.1,88.3,16,31.3,4.8,4.8,24.9,31,30.3,4.1,34.6,98.7973799,93.44651256,62.3,14.2,25.9,34.3,65.7,46.8,70.3,9,259,1264,530,2256,85.8,53.2,43.5,19.6,45.3,38.9,35.1,26,55.1,39.2,24.4,25.4,10.9
Nathaniel Lowe,91,663993,2024,28,486,565,22.1,12.6,0.361,0.762,0.136,69,1,0.252,0.38,0.337,0.328,0.352,0.128,0.013,0.021,0.009,73.3,29.3,15.2,12.4,28.3,23,7.3,23,6.9,7.6,50.3,30.1,88.9,7.7,32.6,5.8,6.8,26.3,20,37.5,3,40,100.4328223,94.33044237,62.8,12.3,23.5,41.8,58.2,51,69,6.7,284,1523,423,2356,87.7,49,44.6,20.6,42.7,27.9,40.8,31.2,60.1,48.5,22.5,25.5,3.6
Nathaniel Lowe,91,663993,2025,29,540,609,26.1,10.2,0.307,0.688,0.153,84,0,0.237,0.385,0.301,0.311,0.318,0.148,-0.009,-0.004,-0.01,72.7,24.3,13.4,10.3,27.5,21.3,7.2,28,6.6,7.9,47.2,30.1,89,10.9,33.4,7,8.3,26.4,22.3,31.6,3.6,41.5,100.3892316,94.46503363,63.8,17.4,24,45.8,54.2,48.1,73.4,7.8,315,1640,489,2607,82.6,51.9,43.4,24.7,44.6,31.6,38.6,29.8,59.8,43.8,26.9,24.4,4.9
Josh Jung,91,673962,2025,27,482,511,25.2,5.3,0.294,0.684,0.139,61,1,0.254,0.423,0.298,0.311,0.297,0.169,-0.003,-0.033,-0.013,70.3,5.2,16.8,12.9,33.5,25.7,7,17,11.5,2.6,52.8,37.7,89.3,12.8,39.4,8.2,9.3,26.9,21,28,5.7,46.7,100.8140564,94.81604566,69.5,17.9,33.2,40.7,59.3,50.6,80.8,6.5,216,1073,453,1931,82.1,49.4,43,25.4,51.1,35.1,40.5,24.4,66.5,41.6,24.9,27.5,5.9
Agustín Ramírez,91,682663,2025,23,537,585,19.3,6.2,0.287,0.7,0.182,67,1,0.27,0.466,0.302,0.34,0.325,0.197,-0.039,-0.053,-0.038,75.2,55.4,21.6,16.4,32,24.3,7.5,19,7.3,-2.9,53.2,25.2,90.8,8.3,31.1,11,7.2,21.3,20.3,35.7,4,47,103.9438107,96.28358573,70,13.7,32,48.3,51.7,53,76.9,8.2,260,1104,552,2122,86.3,47,41.1,25.5,49.9,39.7,35.7,24.5,61.4,45.8,22.2,23.8,8.2
Jordan Beck,90,687597,2025,24,539,588,29.6,7.3,0.317,0.733,0.158,53,0,0.24,0.405,0.319,0.309,0.302,0.164,0.018,0.011,0.01,73.2,32.9,13.4,9.3,26.4,18.5,7.7,8,10.7,-3.3,51.7,32.8,87.4,12.8,36.9,9.6,8.2,22.4,23.2,28.7,7.4,38.5,100.3082696,94.26308585,67.2,23.1,27.4,51.4,48.6,49.6,76.8,7,210,1270,646,2336,76.9,50.4,43.2,31.2,47.4,39.1,38,23,61.6,42.1,26.5,26.2,5.2
Nick Castellanos,90,592206,2024,32,606,659,21.1,6.2,0.311,0.742,0.177,86,4,0.271,0.441,0.321,0.333,0.327,0.17,-0.017,-0.01,-0.012,71.9,22.8,12.4,8.7,33.3,23.5,7.6,12,12.7,-5.2,47.2,38.9,88.4,15.2,39,8.1,6.8,29.4,27.3,25.4,2.8,38.2,99.26670303,93.73851158,79,19.4,37.8,51.9,48.1,50.9,86.5,6.6,268,1111,728,2344,80.6,49.1,42.7,30.1,58,37.5,37.7,24.7,69.9,38.4,30.5,26.9,4.3
Nick Castellanos,90,592206,2025,33,547,589,22.6,5.4,0.294,0.694,0.15,72,1,0.251,0.419,0.3,0.31,0.298,0.167,-0.001,-0.019,-0.01,70.5,16.9,11.9,8.4,32.2,22.8,7.7,17,15.1,-4.5,47.2,40,87.8,15.2,39,7.6,6.9,26.4,27.6,27.6,3.3,34.5,98.62346761,93.40732995,80,18.1,40.9,49.4,50.6,54.2,90.2,5.7,276,965,684,2166,81.9,45.8,41.1,29.9,58.8,40.5,36.2,23.3,70.6,38.8,31,26.7,3.6
Marcus Semien,89,543760,2024,33,650,718,14.6,8.9,0.308,0.699,0.154,74,1,0.251,0.391,0.306,0.313,0.321,0.14,-0.014,0,-0.007,68.3,4.2,12,9.8,37.5,30.7,7.7,27,13.3,-6.7,57.4,32,87.4,17,33,6.6,4.8,25.5,31.1,26.7,4.8,35.2,97.80621092,93.00512193,75.9,11.9,25.2,44,56,51.1,92.1,8.2,305,1419,665,2626,88.1,48.9,43.1,20.2,50,46,33.7,20.3,60.4,39.6,30,22.5,7.9
Marcus Semien,89,543760,2025,34,470,534,17.4,9.4,0.305,0.669,0.134,62,2,0.252,0.409,0.295,0.325,0.329,0.157,-0.022,-0.045,-0.03,68.4,5.3,11.9,9.4,36.2,28.6,7.7,24,15.8,-3.8,56.7,34.8,88.3,19.4,35.8,6.7,8.3,24.1,33.7,23.8,3.1,35,98.28417736,93.27423146,75.2,13.9,23.5,49.8,50.2,50.7,90.6,7.7,244,1176,481,2075,86.1,49.3,41.8,22.6,49,44.6,36.8,18.7,61.6,34.5,33.4,23.1,9.1
Jonathan India,89,663697,2024,27,533,637,19.6,12.6,0.357,0.749,0.144,58,0,0.266,0.412,0.333,0.352,0.376,0.146,-0.018,-0.02,-0.019,71.7,22.2,12.4,10.2,30.7,25.3,7.2,25,8.1,-0.9,48.4,29.4,87.2,13.5,39.3,7.7,5.8,27.3,22.5,31.9,4.6,36.5,98.90319256,93.5471508,57.6,12.2,18.4,41.7,58.3,49.1,63.9,8.1,239,1604,621,2652,87.8,50.9,42.8,19.2,38.3,41.2,39.3,19.4,59.8,43.2,22.8,26.6,7.4
Jonathan India,89,663697,2025,28,497,567,18.7,9.5,0.323,0.669,0.113,45,1,0.247,0.387,0.301,0.322,0.337,0.14,-0.014,-0.041,-0.021,72,23.5,13.6,11.3,32.6,27.1,7.3,29,9.1,-4.6,61.3,28.2,87.9,17.1,33,5.8,6.9,22.1,32,28.4,4.6,36.8,99.0964623,93.63769478,58.1,12.7,18.6,47,53,45.1,62.4,8,207,1493,468,2359,87.3,54.9,44.6,19.9,40.3,48,29.2,22.8,62.1,38.1,29.7,22.1,10.2
Ozzie Albies,87,645277,2025,28,603,667,14.1,8.2,0.306,0.671,0.125,74,0,0.247,0.375,0.295,0.303,0.314,0.127,-0.007,-0.01,-0.008,69,7,8.1,6.6,35,28.4,7.2,17,12.7,-5.3,58.5,34.9,87.5,18.7,33.5,4.9,4.7,25.3,34.6,27.2,3.3,30.7,96.94763914,92.54623416,77.9,14.8,33.5,32.7,67.3,53.4,87.9,7.2,469,1229,553,2402,85.2,46.6,42.3,20.8,54.1,48.8,33.7,17.5,59.4,37.2,28.4,23.5,10.9
Chase Meidroth,87,805367,2025,23,450,505,14.3,8.9,0.329,0.649,0.067,23,0,0.256,0.333,0.294,0.3,0.332,0.077,-0.003,-0.013,-0.006,67.4,1.6,12,10.7,44.1,39.3,6.7,12,6.7,2.1,48.7,29.4,88.2,6.7,26.2,1.6,4.5,28.3,21.2,40.3,3.7,36.1,97.68678144,92.97604035,52.8,9,22.4,23.5,76.5,47,52.6,9.5,200,1284,444,2057,91,53,43.7,13,38.6,33.5,38.2,28.3,60,53.9,18.3,22,5.8
Ryan McMahon,86,641857,2024,29,567,645,28.7,10.7,0.325,0.722,0.155,65,3,0.243,0.414,0.315,0.325,0.329,0.171,-0.001,-0.017,-0.01,72.5,26.3,16.4,11.7,31.4,22.4,7.2,28,8.8,4.5,41.3,38.1,92.1,10,36.5,10.9,7,27.5,18.4,33.2,2.3,49.7,102.6298871,96.05726052,65.6,22.4,26.5,50.6,49.4,47.9,75,8.5,313,1725,518,2723,77.6,52.1,42.6,30,46.9,33.9,38.6,27.5,60.7,49,24.6,24.4,2.1
Ryan McMahon,86,641857,2025,30,509,586,32.3,11.9,0.312,0.693,0.167,53,1,0.229,0.438,0.306,0.333,0.326,0.21,-0.015,-0.057,-0.027,74,40.1,17,11.4,31.3,21,7.4,28,13.1,0.9,47.5,38.8,93.3,13.9,35.3,12.1,7.4,25.4,22.3,28.2,4.3,50.5,102.8563119,96.35024058,64.7,25.2,25,62.3,37.7,48.8,74.7,7.4,357,1445,548,2500,74.8,51.2,45.2,35.2,45.4,41.2,39.3,19.5,62.9,43.3,30.7,22.9,3.1
Otto Lopez,86,672640,2025,26,544,594,13.8,7.4,0.305,0.673,0.122,77,0,0.279,0.447,0.295,0.339,0.336,0.168,-0.033,-0.079,-0.044,71.7,22,17.1,14.2,37.7,31.4,6.8,19,7.4,-2.3,48.5,29.9,88.5,8.4,32.5,7.1,6.7,23.2,21.9,36.6,4.1,38.3,99.90086749,94.04256275,62.7,10.7,29.5,36.7,63.3,49.5,74.5,7.6,286,1120,542,2129,89.3,50.5,43.4,18.9,46.3,34.4,40.2,25.4,62,48.6,23.2,23.4,4.7
Oneil Cruz,86,665833,2024,25,541,599,30.2,8.5,0.324,0.773,0.19,76,2,0.263,0.461,0.331,0.34,0.329,0.199,-0.004,-0.012,-0.009,78.5,75.3,24.6,16.5,34.1,22.9,7.7,10,8.4,-6.7,42,32.9,95.5,9.8,32.1,15.7,4.7,24.5,19.2,33.5,1.9,54.9,107.1993529,98.54788149,63,24,31.7,51.6,48.4,53.4,77.3,6.3,411,1095,723,2381,76,46.6,42.9,34.1,46.3,39.3,36,24.7,63.9,48.1,20.6,25.3,6
Oneil Cruz,86,665833,2025,26,471,544,32,11.8,0.298,0.676,0.178,61,0,0.229,0.438,0.295,0.334,0.328,0.209,-0.029,-0.06,-0.039,78.8,78.5,24.8,16.8,32.2,21.8,7.8,19,9.2,-7.3,47.8,33.4,95.8,8.1,31.5,17.9,5,17.9,21.2,35.8,1.7,56.6,107.3079785,98.8072552,58.2,23.8,28.1,51.1,48.9,55.3,67.4,5.9,415,938,697,2235,76.2,44.7,43.6,34,41.6,36.1,41.1,22.8,60.6,48.3,25.2,21.9,4.6
Eric Wagaman,85,676572,2025,27,476,514,19.5,6.2,0.296,0.674,0.128,53,0,0.271,0.437,0.293,0.326,0.317,0.166,-0.021,-0.059,-0.033,73.4,36.6,19.5,15.3,37.6,29.4,7.1,26,6.9,-2.7,49.4,27.9,91,10.6,34.4,6.8,8.1,22.3,26.2,33.3,2.9,46.5,102.3040671,95.48461355,64.5,15,25.8,47.4,52.6,49.8,74.7,8.3,220,1076,483,1955,85,50.2,42,24.2,45.2,38.1,38.6,23.4,64.2,44.1,24.4,25.7,5.8
Anthony Volpe,83,683011,2024,23,637,689,22.6,6.1,0.293,0.657,0.121,60,0,0.234,0.328,0.287,0.274,0.287,0.094,0.009,0.036,0.013,69.3,3.7,10,7.9,32.2,25.5,7.1,28,9.6,7.4,60.7,33,87.7,8.4,33.3,3.9,5.6,27.4,21,36.8,4.7,35.4,98.17784156,93.20648299,65.4,16.5,29.3,37.4,62.6,48,73.6,8.3,252,1583,667,2797,83.5,52,43.5,22.6,48.1,30.2,41.2,28.6,61.3,50.6,21.6,23.3,4.5
Anthony Volpe,83,683011,2025,24,539,596,25.2,7.2,0.272,0.663,0.179,72,0,0.233,0.417,0.286,0.31,0.294,0.183,-0.021,-0.026,-0.024,72.6,28.5,15.5,11.8,33.4,25.4,7.2,11,11,5.6,64.8,31.5,89.3,12.4,34.6,10.5,7.8,21.1,24.1,31.1,5.5,41.9,100.2143812,94.48835443,65.7,21.7,23.9,35.6,64.4,47.2,74.2,8.1,273,1366,543,2397,78.3,52.8,43.1,25.1,45.9,32.8,40.6,26.6,63.1,41.6,29.8,21.6,7
Michael Harris II,83,671739,2025,24,611,641,20,2.5,0.268,0.677,0.16,86,0,0.277,0.45,0.289,0.323,0.299,0.173,-0.028,-0.041,-0.034,74.3,40.7,18.8,14.4,31.2,24,8,22,6.9,-1,50.4,30.8,90.2,7.4,29.6,9.1,5.9,22.9,20.4,36.4,4.9,43.4,103.0138061,95.67431118,71.3,11.8,43.1,44.7,55.3,50.9,73.5,6.1,372,1192,473,2177,88.2,49.1,43.6,24.4,57,35.8,40.3,23.9,67.8,50.6,21.3,22.3,5.9
Adolis García,83,666969,2024,31,580,637,27.8,7.1,0.284,0.684,0.176,85,0,0.227,0.413,0.296,0.306,0.289,0.186,-0.003,-0.013,-0.01,72,23,16.4,11.1,33.4,22.6,7.9,14,10.5,-2.6,58.2,29.3,91,15,33.7,12.5,6.6,22.5,27.6,28.1,2.4,48.2,101.8276768,95.43563169,74.9,24.7,33.6,51.5,48.5,55.2,84,7.4,316,1527,464,2534,75.3,44.8,40.9,34.3,52.1,34.7,35.5,29.8,64.7,38.9,31.3,22,7.8
Adolis García,83,666969,2025,32,507,547,24.7,5.1,0.271,0.665,0.167,75,2,0.244,0.444,0.286,0.315,0.289,0.2,-0.017,-0.05,-0.029,72.1,25.3,16.9,12.2,35.9,25.8,7.6,16,8.8,-0.5,62.5,28,92.1,16.3,33.2,11.6,6.3,22.2,31.4,26.4,1.8,46.7,101.8751974,95.57270172,69.9,22.8,35.7,44,56,51.9,76.3,7.3,231,1381,395,2150,77.2,48.1,42.8,30.3,52.2,38,35.4,26.6,61.7,36.9,33.8,22.2,7.1
Brooks Lee,81,686797,2025,24,487,527,17.5,5.9,0.285,0.655,0.134,64,3,0.24,0.379,0.286,0.294,0.291,0.139,-0.004,-0.009,-0.008,69.5,9.4,9.5,7.5,36.3,28.6,7.2,42,11.3,-4.7,57.8,30.9,88.6,13.2,30.8,5.8,7,23.8,27.5,33.5,2.5,38.5,98.1525774,93.30949113,68.6,12,31.8,48.6,51.4,51.2,77,6.7,439,936,496,2009,88,48.8,45,24,49.8,40.8,36.5,22.8,60.2,44.3,29,20.5,6.3
Matt McLain,77,680574,2025,25,510,577,28.9,9.5,0.3,0.643,0.123,50,0,0.218,0.363,0.286,0.294,0.299,0.145,0.002,-0.02,-0.008,69.7,5.2,12.3,9,32.6,23.8,6.9,30,11.5,-0.1,56.5,32.1,88.8,16.3,34,7.7,8,26.3,27.4,23.4,6,40.7,99.17098859,93.76625571,59.9,19.8,26.3,48.5,51.5,49.7,70.7,7.4,190,1265,697,2365,80.2,50.3,44.1,28.5,43.2,32,38.3,29.7,60.3,39.7,30,21.4,8.9
Luis Rengifo,73,650859,2025,28,501,541,19.2,6.1,0.287,0.622,0.097,43,0,0.265,0.382,0.275,0.305,0.313,0.117,-0.027,-0.047,-0.03,69.5,7.3,10.9,8.5,34,26.7,7.1,13,7.2,3.7,48.9,33.6,87.1,6.7,34.7,5,4,26.9,19,38.7,6,32.7,97.79802308,92.9675554,71.5,14.5,30.5,40.4,59.6,48.6,75.8,7.4,270,1070,525,2008,85.5,51.4,45.5,21.9,51.6,32.7,40.9,26.4,64.9,50.6,18.5,25.2,5.7
Joey Ortiz,67,687401,2024,25,440,511,20.2,11,0.329,0.727,0.159,60,1,0.234,0.343,0.319,0.305,0.328,0.109,0.005,0.055,0.014,73.4,35.2,12.7,10.8,27,23,7.5,8,2.2,1.4,35.6,26.8,87.8,9.9,26.6,4.6,5.2,24,24.9,35.5,5.2,38.4,99.39150947,93.76643302,53.5,9.9,24.7,33.3,66.7,49.2,56.3,7.9,165,1296,490,2124,90.1,50.8,44.8,17.1,39.4,38.2,30.6,31.2,58.5,49.4,20.5,20.8,9.2
Joey Ortiz,67,687401,2025,26,470,506,14.6,5.3,0.276,0.593,0.087,45,0,0.25,0.332,0.263,0.278,0.295,0.082,-0.02,-0.015,-0.015,72.4,24.4,12.9,10.9,27.5,23.3,7.5,7,1.7,-1.8,33.3,27.8,84.9,13.3,27.4,3,3.5,23.9,27.6,33.6,7.7,32.8,97.99105805,93.02659936,57.8,9.4,33.3,29.9,70.1,45,65.6,8.1,161,1089,440,1873,90.6,55,43.6,16,46.8,29.6,38.1,32.3,66.2,45.5,18.7,22.4,13.4
Brenton Doyle,65,686668,2024,26,542,603,25.4,7.6,0.317,0.763,0.186,72,2,0.254,0.436,0.328,0.329,0.315,0.182,0.006,0.01,-0.001,70.9,8.1,15.2,10.8,34.3,24.3,7.4,20,12.7,0.1,64.6,31.3,89.2,13.2,37.4,10.5,6,24.4,25.2,28.2,5.5,41.4,100.9832231,94.67619269,74.5,18.2,30,56.5,43.5,51.9,82.7,7.2,183,1241,553,2158,81.8,48.1,43,29.8,51.4,36.9,36.4,26.7,64.5,40.4,29.2,25.9,4.5
Brenton Doyle,65,686668,2025,27,502,538,25.7,5.6,0.274,0.65,0.143,57,1,0.249,0.422,0.282,0.307,0.29,0.174,-0.016,-0.046,-0.025,70.8,6.3,15.8,11.5,36.5,26.5,7.2,24,11.5,0.6,64.6,30.3,89.9,9.8,33,10.8,7.3,19.2,22.4,35.4,4.3,44.6,101.0040096,94.81216596,71,18.4,30.1,55.9,44.1,50.4,80.4,8.3,164,1118,458,1957,81.6,49.6,44.6,29.7,50.4,40,37.8,22.2,64.1,46.5,25.9,23,4.6
Ke'Bryan Hayes,65,663647,2025,28,527,570,19.5,6.3,0.29,0.596,0.071,49,0,0.245,0.35,0.266,0.287,0.3,0.105,-0.01,-0.044,-0.021,71.2,11.8,16.5,13.3,37.6,30.2,6.8,11,4.3,1.5,43.4,26.5,89.3,8.5,30.6,4.5,5.7,26.8,21.8,37.1,2.4,42.5,99.78943956,94.11868682,60.6,10.9,27,40.9,59.1,49.3,73.2,8.3,169,1256,499,2154,89.1,50.7,40.8,19.9,44.1,29.2,40.7,30.1,58.9,49,18.4,24.4,8.1